,index,0
0,ART3,Y51YS188S
1,EOMES,Y679*E613*G370R
2,PLCL1,Y597Y
3,ZC2HC1C,Y35N
4,UAP1,Y154C
5,TFRC,Y563CT658RR155H
6,GDA,Y258YE390K
7,NRCAM,Y739HT706AL970L
8,BAK1,Y38Y
9,BCAN,Y104*S419C
10,ERMAP,Y298F
11,ACE,Y527NG1099D
12,NF2,Y221C
13,F2,Y67FR198CP471S
14,POLR2I,Y7*
15,USP11,Y110CE357KV455M
16,CLTC,Y1289C
17,ATP6V0D1,Y261C
18,IL10RB,Y140H
19,SIPA1L1,Y504C
20,ZNF365,Y102HL194M
21,FOXC2,Y153*
22,RRAS,Y66*
23,TUBA4A,Y161CR79QD218H
24,TMPO,Y127HY390Y
25,TRIM5,Y138*A41V
26,KLHL24,Y593*
27,TNC,Y779F
28,FMOD,Y109C
29,RBM14,Y114C L608F
30,TIPARP,Y478Y
31,F7,Y417*
32,RXRA,Y397C
33,TMPRSS2,Y414F
34,ALDH7A1,Y434C
35,SLC16A7,Y271C
36,FBXO34,Y654N
37,PTGDS,Y128*
38,GNAS,Y163*F273L
39,BCL6,Y293F
40,MPP2,Y488*
41,H2BC3,
42,H2BC12,
43,H4C3,
44,HACL1,
45,PTGER4,
46,ZYX,
47,H2AZ2,
48,GZMB,
49,GYPB,
50,GYPC,
51,GYPE,
52,PTGES3,
53,GYS2,
54,PTGES,
55,GZMK,
56,H2AZ1,
57,H1-0,
58,H1-2,
59,H1-6,
60,HADHB,
61,H2AJ,
62,H2AX,
63,H2AC25,
64,HBB,
65,HAGH,
66,PTGER3,
67,HEY2,
68,HEY1,
69,PSMD8,
70,PSMD9,
71,HES6,
72,PSME2,
73,HERPUD1,
74,PSME3,
75,HERC3,
76,HELZ2,
77,HEBP1,
78,PSMG1,
79,HDGF,
80,HDDC2,
81,PSPH,
82,PTAFR,
83,PTBP2,
84,HDAC2,
85,PTCD2,
86,HDAC1,
87,HCLS1,
88,HCCS,
89,HBZ,
90,HBQ1,
91,HBEGF,
92,HBBP1,
93,HAX1,
94,HAS1,
95,PTGER2,
96,GYPA,
97,GTF2H3,
98,GUSB,
99,GPX3,
100,GPD1L,
101,PVT1,
102,PVR,
103,PVALB,
104,PURA,
105,PTX3,
106,PTTG3P,
107,GPR18,
108,GPR182,
109,GPR183,
110,GPR19,
111,GPR3,
112,GPR65,
113,PTTG1,
114,GPR87,
115,GPRC5B,
116,PTS,
117,GPD1,
118,GPC4,
119,GPC3,
120,PXMP2,
121,GNG2,
122,GNGT1,
123,GNGT2,
124,GNL3,
125,GNMT,
126,PYCR1,
127,GNPDA1,
128,GOSR2,
129,GPC1,
130,GOT1,
131,GOT2,
132,GP1BA,
133,PWP1,
134,GP9,
135,GPAM,
136,GPAT4,
137,GPX1,
138,GPX4,
139,GUK1,
140,GPX7,
141,GSTK1,
142,PTGR1,
143,GSTM2,
144,GSTM3,
145,GSTM4,
146,GSTO1,
147,GSTT2,
148,GSTZ1,
149,GTF2A2,
150,GTF2F1,
151,GTF2H1,
152,PSMD14,
153,GTF2H5,
154,GTF3C5,
155,GUCY1A1,
156,GUCY1B1,
157,GUCY2D,
158,GSTA3,
159,PTH1R,
160,GSR,
161,GRINA,
162,GPX8,
163,PTRH2,
164,PTPN6,
165,PTPN2,
166,GREM1,
167,GRHPR,
168,PTPN14,
169,GRK2,
170,PTP4A3,
171,GRK5,
172,PTPN11,
173,GRPEL1,
174,PTPN1,
175,GSDME,
176,GSG1,
177,PTPA,
178,PSMD7,
179,PSMB9,
180,HGFAC,
181,ICOSLG,
182,IARS1,
183,ICA1,
184,PRKCD,
185,PRKCA,
186,ICAM4,
187,ICAM5,
188,ICOS,
189,ID1,
190,HYOU1,
191,ID2,
192,ID3,
193,IDH1,
194,IDH2,
195,IDH3A,
196,IDH3B,
197,IDH3G,
198,IAPP,
199,HYCC2,
200,IDO1,
201,HSPE1,
202,PRM2,
203,HSPA8,
204,HSPA9,
205,HSPB1,
206,HSPB2,
207,HSPB8,
208,HSPD1,
209,HTATIP2,
210,HYAL2,
211,HTR1B,
212,HTR1D,
213,PRKN,
214,HTRA1,
215,PRKG2,
216,HUS1,
217,PRKCH,
218,IDI1,
219,IDS,
220,HIBCH,
221,IGFBP3,
222,IFRD1,
223,IFT88,
224,IGF1,
225,IGF2,
226,PRG2,
227,IGFBP1,
228,IGFBP2,
229,IGFBP4,
230,IFNGR1,
231,IGFBP5,
232,IGFBP6,
233,IGFBP7,
234,PRF1,
235,PRELID3B,
236,IGSF6,
237,PRDX6,
238,IFNGR2,
239,IFNG,
240,IDUA,
241,PRKAB1,
242,PRKAR2B,
243,IER3,
244,IFI27,
245,IFI30,
246,PRKAG1,
247,PRKACA,
248,IFI44L,
249,IFIT1,
250,PRIM1,
251,PRIM2,
252,IFIT3,
253,IFITM1,
254,IFITM2,
255,IFITM3,
256,IFNAR1,
257,IFNAR2,
258,PRMT2,
259,HSPA4,
260,HSPA2,
261,PSMA3,
262,HMBS,
263,HMGA1,
264,HMGB2,
265,HMGB3,
266,PSMA7,
267,PSMA6,
268,HMGCS1,
269,HMGN2,
270,HLA-F,
271,HMMR,
272,PSMA1,
273,HMOX2,
274,PSIP1,
275,PSEN2,
276,PSEN1,
277,HNRNPC,
278,PSMB10,
279,PSMB2,
280,PRMT3,
281,GNG11,
282,HIF1A,
283,HINT1,
284,PSMD12,
285,PSMD1,
286,PSMC6,
287,PSMC3IP,
288,PSMC2,
289,HLA-B,
290,PSMB3,
291,HLA-C,
292,HLA-DMA,
293,HLA-DMB,
294,HLA-DOA,
295,HLA-DOB,
296,HLA-DQA1,
297,PSMB8,
298,HNRNPD,
299,HNRNPR,
300,PRSS3,
301,HSD17B6,
302,HSD11B1,
303,HSD11B2,
304,HSD17B10,
305,HSD17B11,
306,HSD17B14,
307,PROZ,
308,PROP1,
309,HSD17B7,
310,HOMER1,
311,PROK2,
312,HSD3B7,
313,HSDL2,
314,PRODH,
315,HSP90AB1,
316,HSPA13,
317,PRNP,
318,HS6ST2,
319,HS3ST1,
320,HS2ST1,
321,HRH1,
322,HOMER2,
323,HOOK3,
324,HOPX,
325,PRSS23,
326,HOXB9,
327,HOXC10,
328,HOXD11,
329,HPCAL4,
330,HPGD,
331,PRSS2,
332,HPRT1,
333,PRPS2,
334,HRAS,
335,PRPS1,
336,HRG,
337,GNG12,
338,GMPPB,
339,GNE,
340,FADS1,
341,RPL39L,
342,FABP1,
343,RPL39,
344,RPL36,
345,RPL34,
346,FABP5,
347,FABP6,
348,RPL22,
349,RPL6,
350,FAH,
351,FAM120A,
352,RPL18,
353,RPL14,
354,RPE,
355,RPA3,
356,RPA2,
357,RPL3L,
358,F3,
359,GNB4,
360,RPS14,
361,EXOSC10,
362,RPS19,
363,EXOSC4,
364,EXOSC5,
365,EXOSC7,
366,EXOSC8,
367,EXOSC9,
368,EXT2,
369,RPL9,
370,RPS12,
371,EZH2,
372,F12,
373,RPS10,
374,F13B,
375,F2R,
376,F2RL1,
377,FAS,
378,FASLG,
379,FASN,
380,RIPK1,
381,FDFT1,
382,FDPS,
383,FDX1,
384,FDXR,
385,FECH,
386,FEN1,
387,RIT1,
388,RIGI,
389,RORA,
390,FFAR2,
391,RIBC2,
392,RHOT2,
393,FGF13,
394,FGF16,
395,FGF17,
396,FGF18,
397,RMDN3,
398,FCMR,
399,FCGR2B,
400,RNASEH2A,
401,FBLN1,
402,ROCK1,
403,RNMT,
404,RNH1,
405,RNF4,
406,FBP1,
407,FBP2,
408,FBXO4,
409,FBXO5,
410,RNF19B,
411,RNF144B,
412,FBXO9,
413,RNF11,
414,RND3,
415,FCER1G,
416,EXOSC1,
417,RPS2,
418,RPS27L,
419,EPB41L2,
420,ENO2,
421,ENO3,
422,ENPEP,
423,SCGB1A1,
424,SCD,
425,ENTPD7,
426,NDUFV1,
427,SCAMP1,
428,S100A9,
429,SCAF4,
430,EPCAM,
431,SBNO2,
432,SATB1,
433,SAT1,
434,SAR1B,
435,SAMHD1,
436,SCHIP1,
437,ENDOD1,
438,EMP3,
439,EMP2,
440,ELANE,
441,SDC4,
442,ELK4,
443,ELL,
444,ELL2,
445,SDAD1,
446,SCUBE2,
447,ELOA,
448,ELOVL2,
449,SCNN1A,
450,ELOVL5,
451,ELOVL6,
452,ELP1,
453,ELP4,
454,EMP1,
455,SAC3D1,
456,EPRS1,
457,RPS3,
458,RSU1,
459,RUNX1,
460,ESRRA,
461,RTP4,
462,RTN4RL1,
463,ETFA,
464,ETFB,
465,ETFBKMT,
466,ETHE1,
467,EPS8L2,
468,RSL1D1,
469,RSAD2,
470,RRM2,
471,RRM1,
472,RPS6KA2,
473,RPS6,
474,RPS5,
475,ESR2,
476,ESR1,
477,RUVBL2,
478,ERP29,
479,EPSTI1,
480,ERAP2,
481,S100A4,
482,S100A13,
483,ERCC1,
484,S100A12,
485,S100A11,
486,S100A10,
487,S100A1,
488,ERCC8,
489,EREG,
490,ERGIC3,
491,ERH,
492,RXRG,
493,ERO1A,
494,FGF2,
495,FGF22,
496,FGF6,
497,GCNT1,
498,RALA,
499,GCDH,
500,GCG,
501,GCH1,
502,GCK,
503,RAF1,
504,RAE1,
505,GCNT2,
506,GFUS,
507,RAD52,
508,RAD51C,
509,GEM,
510,RAD51AP1,
511,RAD17,
512,GFPT1,
513,GFPT2,
514,RALB,
515,RALBP1,
516,GBP4,
517,RALGDS,
518,GALC,
519,GALE,
520,GALK1,
521,GALK2,
522,GALM,
523,RAP2B,
524,GALNT3,
525,GAMT,
526,GAPDH,
527,GAPDHS,
528,RANBP9,
529,GAS1,
530,GATA1,
531,RANBP10,
532,RAN,
533,RACK1,
534,RACGAP1,
535,GAL,
536,RAB1A,
537,GLUL,
538,GM2A,
539,RAB2A,
540,GMFB,
541,GMPPA,
542,IKZF1,
543,RAB22A,
544,RAB17,
545,GGH,
546,RAB14,
547,GNA15,
548,GNAI1,
549,GNAI2,
550,PYGL,
551,GNAO1,
552,PYGB,
553,GLUD1,
554,RAB31,
555,GLRX5,
556,GLRX2,
557,GHITM,
558,RAC2,
559,GINS2,
560,GINS3,
561,GINS4,
562,RAC1,
563,GJB3,
564,GLA,
565,RABEPK,
566,RAB5A,
567,RAB40C,
568,GLIPR2,
569,GLMN,
570,RAB34,
571,GLRX,
572,GAL3ST1,
573,GADD45G,
574,FGF9,
575,FN3K,
576,RFC5,
577,FLOT2,
578,FLT3LG,
579,RFC4,
580,FMO1,
581,FMO3,
582,RFC3,
583,RFC2,
584,FOXO4,
585,FOS,
586,FOSL1,
587,RETREG1,
588,FOXC1,
589,RER1,
590,REG1A,
591,FOXO1,
592,RGN,
593,RGS1,
594,RGS11,
595,RHCE,
596,RHOD,
597,FGG,
598,RHOBTB3,
599,FGL2,
600,RHD,
601,FH,
602,FHL1,
603,RHCG,
604,FIS1,
605,FJX1,
606,FKBP14,
607,FKBP1A,
608,FKBP1B,
609,FKBP2,
610,FKBP4,
611,REEP1,
612,RDH16,
613,GADD45B,
614,G6PC2,
615,RBP4,
616,RBP1,
617,FZD8,
618,G0S2,
619,G3BP1,
620,G3BP2,
621,G6PC1,
622,RBM5,
623,FRAT1,
624,RBL1,
625,GABARAPL1,
626,RBCK1,
627,RARS1,
628,GAD1,
629,RAPGEF3,
630,GADD45A,
631,FZD4,
632,RBSN,
633,FYN,
634,FYB1,
635,RDH11,
636,RCL1,
637,RCHY1,
638,FST,
639,FSTL1,
640,FSTL3,
641,FTCD,
642,FTL,
643,FUCA1,
644,RCAN1,
645,FUS,
646,FUT4,
647,RBX1,
648,FXN,
649,FXYD1,
650,IKBKG,
651,IL15,
652,IKZF2,
653,MINPP1,
654,OLFML3,
655,MGST3,
656,OGFR,
657,MID1IP1,
658,MIF,
659,MIGA2,
660,MINDY1,
661,MIOS,
662,MGMT,
663,MIOX,
664,MIX23,
665,ODF1,
666,MKNK1,
667,MKNK2,
668,MLF1,
669,OCRL,
670,OLR1,
671,MGLL,
672,MAF,
673,ORM1,
674,OXA1L,
675,OVOL2,
676,MEIS1,
677,OSTC,
678,OSM,
679,OSGIN1,
680,MERTK,
681,ORC6,
682,OPA1,
683,ORC5,
684,METTL3,
685,METTL7B,
686,MFAP5,
687,ORC2,
688,OPTN,
689,OPN3,
690,MLLT10,
691,MLLT11,
692,MLYCD,
693,MRAP,
694,NUDT21,
695,NUDT19,
696,NUDT15,
697,NUDT12,
698,MPPED2,
699,NUDT11,
700,MPZL2,
701,NUB1,
702,MMD,
703,MRE11,
704,MREG,
705,NTHL1,
706,MRPL15,
707,NT5C,
708,MRPL3,
709,MRPL34,
710,MPC2,
711,MPC1,
712,NUDT4,
713,MON2,
714,MMP10,
715,MMP11,
716,MMP12,
717,OCEL1,
718,MMP14,
719,OAZ3,
720,OAT,
721,OASL,
722,NUPR1,
723,NUP58,
724,NUP50,
725,NUP107,
726,NUFIP1,
727,NUDT9,
728,MOCS2,
729,OXSR1,
730,OXT,
731,OXTR,
732,MAP7,
733,MAP3K6,
734,PCBP1,
735,MAP3K8,
736,MAP4K1,
737,MAP4K2,
738,PCBD1,
739,MAP6,
740,PBK,
741,MAPKAPK2,
742,MAPK10,
743,MAPK11,
744,PARVA,
745,MAPK13,
746,PARP2,
747,MAPK8IP2,
748,PARD6G,
749,MAP3K20,
750,MAP3K11,
751,MAP3K1,
752,PCDHB1,
753,MAFF,
754,PDGFA,
755,PDE6G,
756,MAGIX,
757,MAK,
758,MAL,
759,PDCD1LG2,
760,PDCD1,
761,PCSK4,
762,PCSK1N,
763,PCP4,
764,PCNA,
765,PCK1,
766,PCGF5,
767,MAP2K5,
768,PAPOLB,
769,PANX1,
770,P2RX4,
771,MCM6,
772,MCCC2,
773,P4HA1,
774,MCL1,
775,P3H1,
776,P2RY4,
777,P2RY14,
778,MCM5,
779,MCM7,
780,MAPRE1,
781,MDGA1,
782,MDH1,
783,P2RX7,
784,MDK,
785,MDM2,
786,P2RX6,
787,ME2,
788,MCCC1,
789,P4HA2,
790,MBOAT2,
791,PA2G4,
792,PAM,
793,MARCHF1,
794,MARCHF2,
795,MARCHF6,
796,MARCHF8,
797,MARCKS,
798,PALS1,
799,MARK2,
800,PAK1,
801,PAICS,
802,PAFAH1B1,
803,PACRG,
804,PABPC4,
805,MATN3,
806,MB,
807,MRPL35,
808,MRPL40,
809,MRPS11,
810,NCAPH,
811,NAT1,
812,NFIB,
813,NFE2L2,
814,NBN,
815,NFE2L1,
816,NFE2,
817,NFAT5,
818,NCBP1,
819,NELFB,
820,NCBP2,
821,NCF4,
822,NCK1,
823,NEUROG3,
824,NET1,
825,NELFE,
826,NCOA4,
827,NFIL3,
828,NFKB2,
829,NAPG,
830,NAPA,
831,NFYC,
832,MYOG,
833,NFYB,
834,NFYA,
835,MYOT,
836,NAA11,
837,NAA38,
838,NFKBIE,
839,NABP1,
840,NFKBIB,
841,NAGK,
842,NAMPT,
843,NANP,
844,NFKBIA,
845,NAP1L2,
846,NELFCD,
847,NCOR2,
848,MYO1E,
849,NECTIN1,
850,NDUFAF4,
851,NDUFB1,
852,NECTIN2,
853,NDUFB3,
854,NDUFB4,
855,NDUFB5,
856,NDUFB6,
857,NDUFB8,
858,NEK7,
859,NDUFC1,
860,NDUFC2,
861,NDUFS2,
862,NDUFS3,
863,NDUFS4,
864,NDUFS6,
865,NDUFV3,
866,NDUFAB1,
867,NDUFA9,
868,NDUFA8,
869,NDUFA7,
870,NCS1,
871,NCSTN,
872,NEK2,
873,NDP,
874,NEDD9,
875,NDRG2,
876,NECTIN4,
877,NECTIN3,
878,NDST3,
879,NDUFA1,
880,NDUFA2,
881,NDUFA3,
882,NDUFA4,
883,NDUFA5,
884,NDUFA6,
885,MYO9B,
886,MYO1C,
887,MRPS12,
888,NPY1R,
889,NR1D2,
890,NR0B2,
891,NQO1,
892,MTHFD2,
893,MTHFD2L,
894,MTHFR,
895,NPY5R,
896,NPTXR,
897,MVK,
898,NPTX2,
899,MTREX,
900,MTRF1,
901,NPM1,
902,NOS2,
903,MUC1,
904,MVB12A,
905,MTARC2,
906,MTA1,
907,MT3,
908,MT2A,
909,NSDHL,
910,MRPS22,
911,MRPS30,
912,MRPS31,
913,NSD2,
914,MSC,
915,NRTN,
916,NRIP1,
917,NR4A1,
918,MSR1,
919,MSRA,
920,MSRB2,
921,MST1,
922,NR3C2,
923,MT1E,
924,MVD,
925,NOP14,
926,NGF,
927,MYL12A,
928,NKIRAS1,
929,NKD1,
930,NIP7,
931,NINJ1,
932,NIBAN1,
933,NHLH2,
934,MYL11,
935,MYL12B,
936,NOCT,
937,NHERF4,
938,MYL3,
939,NHERF1,
940,MYL6B,
941,MYL7,
942,MYL9,
943,NGLY1,
944,NKX2-2,
945,NKX2-5,
946,NKX3-1,
947,NLGN2,
948,MXD1,
949,MXD3,
950,MXD4,
951,MXI1,
952,NOC4L,
953,NMUR1,
954,NMT1,
955,NMI,
956,NME4,
957,NME3,
958,MYBPH,
959,MYC,
960,NME1,
961,MYD88,
962,MYF6,
963,MAFB,
964,PDGFB,
965,IL10,
966,ITGB4,
967,POLR1D,
968,POLR1C,
969,POLL,
970,ITGB1BP1,
971,POLH,
972,POLG2,
973,POLE4,
974,ITGB5,
975,ITGAE,
976,POLE3,
977,ITGB8,
978,POLA2,
979,PODXL,
980,PNRC1,
981,PNPT1,
982,PNO1,
983,POLR1H,
984,ITGA9,
985,MADCAM1,
986,ISG20,
987,IRF9,
988,POLR2K,
989,IRS2,
990,POLR2J,
991,ISCA1,
992,ISCU,
993,ISG15,
994,POLR2H,
995,POLR2A,
996,ISOC1,
997,POLR2G,
998,ITGA2,
999,POLR2F,
1000,POLR2E,
1001,ITGA5,
1002,POLR2D,
1003,PMVK,
1004,PMS2,
1005,PMP22,
1006,PLAU,
1007,PLEKHG2,
1008,KCNIP2,
1009,PLEK,
1010,KCNJ2,
1011,KCNK15,
1012,KCNK5,
1013,PLCG1,
1014,PLAT,
1015,PMM1,
1016,PLAGL1,
1017,KDM4B,
1018,PLAC8,
1019,PLAC1,
1020,PLAAT3,
1021,KHSRP,
1022,KIF11,
1023,PLG,
1024,KCNE2,
1025,PLK1,
1026,PLK3,
1027,JAG2,
1028,PML,
1029,PMEPA1,
1030,PMAIP1,
1031,PLSCR1,
1032,PLPP3,
1033,JPT1,
1034,JUN,
1035,JUNB,
1036,PLPP1,
1037,PLK4,
1038,KARS1,
1039,KAT2A,
1040,KATNB1,
1041,KAZN,
1042,POLR3G,
1043,IRF7,
1044,POLR3GL,
1045,IL27RA,
1046,IL1B,
1047,IL1R1,
1048,IL1R2,
1049,PPP4R2,
1050,PPP4C,
1051,IL2,
1052,IL23A,
1053,PPP3R1,
1054,IL6,
1055,IL2RG,
1056,PPP2R1B,
1057,IL33,
1058,PPP2CB,
1059,IL4,
1060,PPP1R8,
1061,PPP1R3C,
1062,IL1A,
1063,PPT1,
1064,PRCP,
1065,IL18BP,
1066,PRDX5,
1067,IL11,
1068,IL12A,
1069,IL12B,
1070,IL12RB1,
1071,PRDX4,
1072,PRDX3,
1073,IL13RA1,
1074,PRDX2,
1075,EIF5,
1076,IL15RA,
1077,PRDX1,
1078,PRDM4,
1079,PRDM1,
1080,IL18,
1081,IL5,
1082,PPP1R2,
1083,IRF5,
1084,IPO7,
1085,INS,
1086,INSIG1,
1087,INSL5,
1088,PPAT,
1089,IP6K1,
1090,IP6K2,
1091,IPO4,
1092,PPA1,
1093,IL7,
1094,IRAG2,
1095,POP7,
1096,POP4,
1097,POMC,
1098,IRF1,
1099,POM121,
1100,POLR3K,
1101,PPIA,
1102,PPIB,
1103,PPIF,
1104,INHBE,
1105,IL9,
1106,IL9R,
1107,ILF2,
1108,PPP1R15A,
1109,PPP1CA,
1110,PPM1D,
1111,IMP3,
1112,IMP4,
1113,IMPA2,
1114,IMPDH2,
1115,INCENP,
1116,ING3,
1117,PPM1B,
1118,PPM1A,
1119,INHBB,
1120,KIF13B,
1121,PLA2G7,
1122,PLA2G2A,
1123,PES1,
1124,LIG1,
1125,PEX13,
1126,PEX12,
1127,LIPA,
1128,PEX11B,
1129,LITAF,
1130,PEX11A,
1131,LMAN1,
1132,PECAM1,
1133,PERP,
1134,LMO2,
1135,PEMT,
1136,LONP2,
1137,LOX,
1138,LOXL1,
1139,PEF1,
1140,PEX14,
1141,LIF,
1142,PEX19,
1143,LHX2,
1144,LDHC,
1145,PF4,
1146,LDLRAP1,
1147,LEAP2,
1148,LEF1,
1149,LEFTY2,
1150,LEP,
1151,PEX7,
1152,PEX6,
1153,LGALS1,
1154,LGALS3,
1155,PEX26,
1156,LGALS7,
1157,LGMN,
1158,LHPP,
1159,PECR,
1160,PEBP1,
1161,LDHA,
1162,LY86,
1163,LTC4S,
1164,LTF,
1165,LUC7L3,
1166,LUM,
1167,LXN,
1168,LY6E,
1169,LY75,
1170,LY96,
1171,PEA15,
1172,PDHA2,
1173,PDHA1,
1174,LYPD3,
1175,LYSMD2,
1176,M6PR,
1177,MACROH2A2,
1178,MAD2L1,
1179,LTBP2,
1180,PDHX,
1181,LTB,
1182,LTA4H,
1183,PDZK1,
1184,PDX1,
1185,PDP1,
1186,PDK4,
1187,LRPPRC,
1188,PDK2,
1189,PDIA6,
1190,LSM1,
1191,LSM2,
1192,LSM4,
1193,LSM7,
1194,LSP1,
1195,LSR,
1196,LSS,
1197,LTA,
1198,LDHB,
1199,PFKP,
1200,KIF20A,
1201,KLK11,
1202,PIPOX,
1203,PIN1,
1204,KLF7,
1205,KLF9,
1206,PIM3,
1207,KLK1,
1208,PIM1,
1209,PIK3R5,
1210,PIF1,
1211,PIK3R3,
1212,PIK3CD,
1213,KLK8,
1214,KLRD1,
1215,KLRK1,
1216,PIGQ,
1217,KMT5A,
1218,KLF4,
1219,PITPNB,
1220,KLF2,
1221,KLF10,
1222,PLA2G12A,
1223,KIF22,
1224,KIF23,
1225,KIF2A,
1226,KIF2C,
1227,PKP3,
1228,PKM,
1229,PKD2,
1230,PKD1,
1231,KIF5C,
1232,KIFAP3,
1233,PITX2,
1234,PITPNC1,
1235,KLC1,
1236,KLF1,
1237,KNL1,
1238,KPNA2,
1239,PFN1,
1240,LARGE1,
1241,PHB1,
1242,PGS1,
1243,PGRMC1,
1244,LAMP2,
1245,PGM3,
1246,LAP3,
1247,LAPTM5,
1248,PGM2,
1249,KPNB1,
1250,LAT2,
1251,LAYN,
1252,PGLS,
1253,PGF,
1254,PGAM2,
1255,PGAM1,
1256,LCP2,
1257,PHF5A,
1258,PHF7,
1259,PHKG1,
1260,PHLDA1,
1261,PIDD1,
1262,PICK1,
1263,PIAS3,
1264,KRT15,
1265,KRT17,
1266,KRT18,
1267,KRT19,
1268,PHYH,
1269,KRT5,
1270,PHLDA3,
1271,KYNU,
1272,PHLDA2,
1273,L3MBTL4,
1274,LAD1,
1275,LALBA,
1276,EIF5A,
1277,SCARB1,
1278,EIF4H,
1279,TMX1,
1280,BDNF,
1281,BEST1,
1282,BET1,
1283,BGN,
1284,TNFRSF11B,
1285,TNFAIP6,
1286,TNFAIP2,
1287,BIRC5,
1288,TNFRSF18,
1289,BLCAP,
1290,BLVRB,
1291,BMF,
1292,TMEM9B,
1293,BMP2,
1294,TMEM97,
1295,TMEM50A,
1296,TNFRSF12A,
1297,BDH2,
1298,BAZ2A,
1299,BCL10,
1300,BCAM,
1301,BCAP31,
1302,BCAR1,
1303,TNFRSF21,
1304,BCAT1,
1305,BCKDHA,
1306,BCKDHB,
1307,BCL11B,
1308,BCR,
1309,BCL2,
1310,BCL2A1,
1311,BCL2L1,
1312,BCL2L10,
1313,BCL2L11,
1314,TNFRSF1B,
1315,BCL2L2,
1316,TMEM176A,
1317,TMEM164,
1318,TMEM158,
1319,C1R,
1320,TM7SF3,
1321,TM4SF1,
1322,TLX1,
1323,BYSL,
1324,C1QA,
1325,C1QBP,
1326,C1QC,
1327,C1S,
1328,BNIP3L,
1329,C2,
1330,TLR2,
1331,C3AR1,
1332,TLK1,
1333,TLE3,
1334,TLE1,
1335,TKFC,
1336,BTG3,
1337,BTG2,
1338,BTG1,
1339,BTC,
1340,BOLA2,
1341,BPGM,
1342,BPHL,
1343,BPNT1,
1344,TMEM140,
1345,TMEM100,
1346,TMED2,
1347,TMED10,
1348,BRF2,
1349,BRMS1L,
1350,BRPF3,
1351,BRS3,
1352,BSG,
1353,TMCC2,
1354,TMBIM6,
1355,BBOX1,
1356,BAX,
1357,C8G,
1358,ATP6V0A4,
1359,ATP5MG,
1360,ATP5PB,
1361,ATP5PD,
1362,ATP5PF,
1363,ATP5PO,
1364,TOMM70,
1365,ATP6V0A1,
1366,ATP6V0B,
1367,ATP5ME,
1368,ATP6V0C,
1369,ATP6V0E1,
1370,ATP6V1B1,
1371,ATP6V1C1,
1372,TOMM22,
1373,ATP6V1E1,
1374,TOGARAM1,
1375,ATP5MF,
1376,ATP5MC3,
1377,BATF3,
1378,TOR1B,
1379,ATOX1,
1380,TPH1,
1381,TPD52L1,
1382,ATP1B3,
1383,TPD52,
1384,TP53INP2,
1385,TP53INP1,
1386,ATP2C1,
1387,ATP5MC2,
1388,ATP4A,
1389,ATP5F1A,
1390,ATP5F1B,
1391,ATP5F1C,
1392,ATP5F1D,
1393,ATP5F1E,
1394,ATP5MC1,
1395,ATP6V1G1,
1396,ATP6V1H,
1397,ATP7A,
1398,TNFSF11,
1399,B4GALNT2,
1400,B4GALT1,
1401,TNNC1,
1402,B4GALT4,
1403,TNIP2,
1404,B4GALT7,
1405,TNFSF15,
1406,TNFRSF9,
1407,TNRC6B,
1408,BAIAP2,
1409,BANF1,
1410,TNFRSF8,
1411,BARD1,
1412,BASP1,
1413,BATF,
1414,TNFRSF4,
1415,B3GNT3,
1416,TNNC2,
1417,TNNI1,
1418,B3GALT6,
1419,TNPO2,
1420,TNP2,
1421,ATXN1,
1422,ATXN2,
1423,AUH,
1424,TNP1,
1425,AURKB,
1426,TNNT3,
1427,AVL9,
1428,AVPR1A,
1429,TNNT2,
1430,AXIN2,
1431,TNNI3,
1432,TNNI2,
1433,B2M,
1434,TK2,
1435,C9,
1436,TPI1,
1437,CCR4,
1438,CCNK,
1439,CCNL1,
1440,CCNO,
1441,TDO2,
1442,CCP110,
1443,CCR1,
1444,CCR2,
1445,CCR5,
1446,CCNG1,
1447,CCR7,
1448,TCP1,
1449,TCN2,
1450,CCT2,
1451,TCL1A,
1452,TCF7L1,
1453,TCF7,
1454,TEAD4,
1455,TEKT2,
1456,CCL19,
1457,CCN1,
1458,CCL20,
1459,CCL22,
1460,CCL24,
1461,CCL25,
1462,CCL4,
1463,CCL5,
1464,CCL7,
1465,CCN2,
1466,CCNE1,
1467,CCN5,
1468,TENT5A,
1469,TENT4A,
1470,CCNB2,
1471,CCND1,
1472,CCND2,
1473,CCND3,
1474,CCT6A,
1475,TCF19,
1476,CCT7,
1477,CD7,
1478,CD46,
1479,TAS2R4,
1480,CD48,
1481,TARS1,
1482,CD59,
1483,CD63,
1484,CD69,
1485,CD70,
1486,CD14,
1487,CD74,
1488,CD79B,
1489,CD80,
1490,CD81,
1491,CD82,
1492,TARP,
1493,TARBP2,
1494,CD44,
1495,CD40LG,
1496,CD40,
1497,CD3G,
1498,CD151,
1499,CD160,
1500,TCEA1,
1501,CD2,
1502,TCAP,
1503,TBRG4,
1504,SDCBP,
1505,CD28,
1506,TBK1,
1507,CD302,
1508,CD34,
1509,TBC1D30,
1510,CD37,
1511,TAX1BP3,
1512,TATDN2,
1513,CCL2,
1514,TENT5C,
1515,TK1,
1516,TGFBRAP1,
1517,CALD1,
1518,CALM1,
1519,THRB,
1520,THEM4,
1521,THBD,
1522,CALU,
1523,TH,
1524,CAMKK2,
1525,THY1,
1526,CANT1,
1527,CANX,
1528,TGFB3,
1529,CAP2,
1530,TGFB2,
1531,CAPN2,
1532,CAPN3,
1533,THSD4,
1534,CALCB,
1535,CCL13,
1536,TIMP1,
1537,TJP3,
1538,CA2,
1539,TIMP3,
1540,CAB39,
1541,CAB39L,
1542,TIMP2,
1543,CACNA1B,
1544,TIMM9,
1545,CALB2,
1546,TIMM8B,
1547,CACNG1,
1548,CACYBP,
1549,TIMM17A,
1550,TIMM13,
1551,CADM2,
1552,TIMM10,
1553,TGFB1,
1554,CAPZB,
1555,TGFA,
1556,CBX1,
1557,CBFA2T3,
1558,TFAP2C,
1559,TFAP2B,
1560,CBR1,
1561,CBR3,
1562,CBR4,
1563,CBS,
1564,CBX3,
1565,CASP10,
1566,CBX5,
1567,CBX8,
1568,CCDC106,
1569,CCDC28A,
1570,TES,
1571,CCK,
1572,CCL11,
1573,CAVIN3,
1574,CAVIN2,
1575,CAVIN1,
1576,CAV3,
1577,CASP2,
1578,CASP3,
1579,TFPI2,
1580,TFPI,
1581,TFF3,
1582,CASP7,
1583,CASP8,
1584,CASP8AP2,
1585,CASP9,
1586,TFF2,
1587,CASQ2,
1588,CAST,
1589,TFDP2,
1590,CAV1,
1591,CAV2,
1592,ATOH8,
1593,ATG4B,
1594,CD9,
1595,VDAC1,
1596,VIP,
1597,VHL,
1598,ADAMDEC1,
1599,VEZF1,
1600,VEGFC,
1601,VEGFB,
1602,VDAC3,
1603,ADCY6,
1604,VPREB1,
1605,VCAM1,
1606,ADCYAP1,
1607,VBP1,
1608,VAPA,
1609,VAMP8,
1610,ADGRA2,
1611,ADGRE1,
1612,VIPR1,
1613,VPS28,
1614,WARS1,
1615,VPS4B,
1616,ACTL7B,
1617,ACTN1,
1618,VTN,
1619,ACTN3,
1620,VPS50,
1621,ACTR2,
1622,ACTR3,
1623,ACVR1B,
1624,ADAM17,
1625,ACVR2A,
1626,ACVRL1,
1627,VPS45,
1628,ADAD1,
1629,VPS37D,
1630,VPS37B,
1631,ADAM15,
1632,ADGRG1,
1633,ADGRL2,
1634,ADGRL4,
1635,AHCY,
1636,USP8,
1637,USP16,
1638,USP12,
1639,AGPAT4,
1640,AGR2,
1641,AGRN,
1642,USH1C,
1643,UROS,
1644,ADH1C,
1645,AHR,
1646,AHSP,
1647,UROD,
1648,UQCRQ,
1649,UQCRH,
1650,AK1,
1651,AK2,
1652,UXT,
1653,AGER,
1654,AFG3L2,
1655,AFF1,
1656,ADH4,
1657,ADH7,
1658,ADIG,
1659,ADIPOR1,
1660,ADIPOR2,
1661,VAMP7,
1662,VAMP5,
1663,ADRA1B,
1664,VAMP4,
1665,ADRA2C,
1666,ADRM1,
1667,ADSL,
1668,AEBP1,
1669,AEN,
1670,VAMP3,
1671,ACTG2,
1672,WASF1,
1673,AK4,
1674,ABCE1,
1675,ABCC3,
1676,YIPF6,
1677,YIF1A,
1678,YBX2,
1679,ABCD1,
1680,XYLT2,
1681,ABCD3,
1682,ABCF2,
1683,YPEL1,
1684,ABCG2,
1685,XRCC5,
1686,ABCG8,
1687,ABHD4,
1688,XPO1,
1689,ABI1,
1690,XK,
1691,YKT6,
1692,ABCB9,
1693,ACTB,
1694,ZNF707,
1695,ZWINT,
1696,ZW10,
1697,AADAT,
1698,AARS1,
1699,ABAT,
1700,ZPBP,
1701,ABCA2,
1702,ZNF639,
1703,YPEL5,
1704,ZFP36,
1705,ZBTB16,
1706,YWHAZ,
1707,YWHAQ,
1708,YWHAH,
1709,YTHDC1,
1710,YRDC,
1711,XIST,
1712,ABLIM1,
1713,XDH,
1714,WEE1,
1715,ACP1,
1716,WLS,
1717,ACP5,
1718,WIZ,
1719,ACRV1,
1720,WIPI1,
1721,WFS1,
1722,ACSL5,
1723,XCL1,
1724,WDR90,
1725,ACSM1,
1726,WDR37,
1727,WASL,
1728,ACSS2,
1729,ACTA1,
1730,ACTA2,
1731,ACOX3,
1732,ACOX2,
1733,ACOX1,
1734,ACOT8,
1735,XBP1,
1736,XAF1,
1737,ACADL,
1738,WWTR1,
1739,ACADS,
1740,WWP1,
1741,WSB1,
1742,WRAP73,
1743,ACAT2,
1744,ACHE,
1745,WNT5B,
1746,WNT5A,
1747,WNT1,
1748,ACO2,
1749,ACOT2,
1750,UQCRFS1,
1751,UQCRC2,
1752,ATG4A,
1753,TSN,
1754,TSPAN5,
1755,ARCN1,
1756,AREG,
1757,ARF1,
1758,ARF4,
1759,TSPAN4,
1760,ARFGAP3,
1761,ARFGEF2,
1762,TSPAN8,
1763,ARFIP2,
1764,ARG2,
1765,ARHGAP10,
1766,ARHGAP27,
1767,TSKU,
1768,ARHGAP4,
1769,TSHB,
1770,TSPAN7,
1771,TSPO,
1772,APLNR,
1773,TSSK2,
1774,APOA1,
1775,APOA4,
1776,APOBEC3F,
1777,APOBEC3G,
1778,APOC1,
1779,APOC2,
1780,APOC3,
1781,APOE,
1782,AQP7,
1783,APOH,
1784,APOL6,
1785,APOM,
1786,TSPYL2,
1787,APPBP2,
1788,APRT,
1789,TSPO2,
1790,ARHGDIA,
1791,ARHGDIG,
1792,TSG101,
1793,TPST1,
1794,ARTN,
1795,TRAFD1,
1796,ASB7,
1797,ASCL1,
1798,ASF1A,
1799,TRAF4,
1800,TPST2,
1801,TPSAB1,
1802,TSC22D1,
1803,TPM3,
1804,TPM2,
1805,ATF3,
1806,ATF4,
1807,ATF5,
1808,TPM1,
1809,ATG10,
1810,ARRB2,
1811,ARRB1,
1812,TRAT1,
1813,ARPP19,
1814,TROAP,
1815,ARHGEF6,
1816,TRIM33,
1817,TRIM28,
1818,TRIM25,
1819,TRIM14,
1820,TRIB2,
1821,ARL2BP,
1822,ARL3,
1823,TRIB1,
1824,ARL6IP1,
1825,TRIAP1,
1826,ARPC2,
1827,ARPC3,
1828,ARPC5L,
1829,TST,
1830,TTC39A,
1831,AKAP12,
1832,ALDOB,
1833,ALDH3A1,
1834,UBQLN1,
1835,ALDH3B1,
1836,UBE2T,
1837,ALDH8A1,
1838,ALDH9A1,
1839,ALDOA,
1840,UBE2S,
1841,UCK1,
1842,ALG1,
1843,UBE2N,
1844,ALOX12B,
1845,ALOX15,
1846,UBE2L6,
1847,ALS2,
1848,ALYREF,
1849,UBR7,
1850,ALDH1A3,
1851,TTPA,
1852,AKT1S1,
1853,UPK3B,
1854,UNC119,
1855,AKR1A1,
1856,AKR1B10,
1857,AKR1C2,
1858,AKR1C3,
1859,AKT1,
1860,AKT2,
1861,ALDH1A2,
1862,AKT3,
1863,ALAD,
1864,UGP2,
1865,UFM1,
1866,UCP2,
1867,ALDH18A1,
1868,UCK2,
1869,AMACR,
1870,UBE2L3,
1871,AMD1,
1872,TUBGCP3,
1873,TXNRD1,
1874,TXNL4A,
1875,ANXA4,
1876,TXN,
1877,ANXA9,
1878,TUFM,
1879,TUBGCP5,
1880,AP2M1,
1881,AMFR,
1882,AP2S1,
1883,AP3B1,
1884,AP3S1,
1885,TUBGCP2,
1886,TUBB2B,
1887,APBB1,
1888,TUBB2A,
1889,ANXA10,
1890,ANXA1,
1891,TYMS,
1892,U2AF1,
1893,AMH,
1894,AMIGO2,
1895,UBE2J1,
1896,AMPD3,
1897,UBE2I,
1898,UBE2E1,
1899,UBE2D3,
1900,ANGPTL3,
1901,UBE2D1,
1902,UBE2C,
1903,ANKH,
1904,ANKRA2,
1905,UBAC1,
1906,UBA2,
1907,ANP32E,
1908,CD8B,
1909,CD247,
1910,CD96,
1911,D2HGDH,
1912,SLC30A10,
1913,CYP4F2,
1914,CYP51A1,
1915,SLC2A8,
1916,SLC2A6,
1917,SLC29A3,
1918,SLC27A5,
1919,DAB2,
1920,SLC31A1,
1921,SLC27A1,
1922,DAP,
1923,DAPK2,
1924,DAPP1,
1925,DARS1,
1926,SLC26A2,
1927,SLC25A6,
1928,SLC30A3,
1929,CYP46A1,
1930,CRISP2,
1931,SLC38A3,
1932,CYBB,
1933,CYC1,
1934,SLC3A2,
1935,SLC39A8,
1936,CYLD,
1937,SLC39A6,
1938,CYP17A1,
1939,SLC38A2,
1940,SLC31A2,
1941,SLC37A4,
1942,SLC37A1,
1943,SLC35D1,
1944,SLC35B1,
1945,SLC35A3,
1946,CYP2J2,
1947,CYP2S1,
1948,DBP,
1949,DBT,
1950,DCAF10,
1951,SLC22A4,
1952,SLC25A12,
1953,SLC25A11,
1954,DDIT4,
1955,DDT,
1956,DDX10,
1957,SLC25A1,
1958,SLC22A5,
1959,SLC22A12,
1960,DCAF11,
1961,SLC22A1,
1962,DECR1,
1963,DEF6,
1964,DEGS1,
1965,DEK,
1966,DENND2B,
1967,DENND5A,
1968,SLC25A13,
1969,SLC25A17,
1970,DDAH2,
1971,DDAH1,
1972,SLC25A38,
1973,SLC25A37,
1974,DCK,
1975,DCLRE1B,
1976,DCN,
1977,DCP1A,
1978,DCP2,
1979,SLC25A3,
1980,SLC25A28,
1981,SLC25A20,
1982,DCTN4,
1983,DCTPP1,
1984,DCUN1D1,
1985,DCX,
1986,DCXR,
1987,CYB5R3,
1988,CYB5R1,
1989,CYB5B,
1990,CSRP3,
1991,CSNK1D,
1992,SMOX,
1993,CSNK2A2,
1994,CSNK2B,
1995,CSRNP2,
1996,SMC6,
1997,SMARCC1,
1998,SMAD7,
1999,SMAD3,
2000,CST8,
2001,CSTF2,
2002,CSTF3,
2003,SMAD6,
2004,CTF1,
2005,CD99,
2006,SMAD5,
2007,CSK,
2008,SMPX,
2009,CSF3,
2010,SMURF2,
2011,CRLF2,
2012,SNRPA1,
2013,SNN,
2014,CROCCP2,
2015,CROT,
2016,SNCG,
2017,SNCB,
2018,CRYAB,
2019,CRYBG1,
2020,CRYZ,
2021,SNAPC5,
2022,SNAPC4,
2023,SNAP25,
2024,CSF2,
2025,SNAP23,
2026,CTLA4,
2027,SMAD2,
2028,CYB5A,
2029,CXCL2,
2030,CXCL1,
2031,CXCL10,
2032,CXCL11,
2033,CXCL12,
2034,CXCL13,
2035,CXCL14,
2036,CXCL16,
2037,CXCL3,
2038,CTNS,
2039,CXCL6,
2040,SLC66A2,
2041,SLC5A5,
2042,SLC46A3,
2043,CXCR4,
2044,CXCR6,
2045,CXXC1,
2046,CX3CL1,
2047,SLC66A3,
2048,CUL4A,
2049,SLC6A8,
2050,CTPS1,
2051,CTSB,
2052,SLPI,
2053,CTSD,
2054,SLN,
2055,SLC7A5,
2056,CTSH,
2057,CTSK,
2058,SLC7A11,
2059,CTSO,
2060,CTSS,
2061,CTSV,
2062,CTSZ,
2063,SLC7A1,
2064,CUL1,
2065,DEPDC1,
2066,DES,
2067,DFFA,
2068,EDEM1,
2069,ECI1,
2070,ECI2,
2071,SERPINB2,
2072,SERPINA1,
2073,SERP1,
2074,EDAR,
2075,SERBP1,
2076,EDF1,
2077,EEIG1,
2078,SEPTIN9,
2079,EDN1,
2080,EDN2,
2081,SEPTIN4,
2082,EEF1AKMT1,
2083,EEF1B2,
2084,EEF1E1,
2085,ECHS1,
2086,SERPINB6,
2087,ECD,
2088,EBP,
2089,DUT,
2090,DVL2,
2091,SERTAD3,
2092,DYNLL2,
2093,DYNLT3,
2094,SERTAD1,
2095,SERPING1,
2096,DYRK3,
2097,E2F1,
2098,SERPINC1,
2099,E2F3,
2100,E2F4,
2101,SERPINB8,
2102,E2F8,
2103,EBI3,
2104,EEF2,
2105,EFEMP2,
2106,SESN1,
2107,EIF3J,
2108,SEC24D,
2109,SEC22B,
2110,EIF2S1,
2111,EIF2S2,
2112,EIF3A,
2113,SEC14L2,
2114,EIF3D,
2115,SDHD,
2116,SEMA3B,
2117,SDHC,
2118,SDHB,
2119,EIF4E,
2120,EIF4E3,
2121,SDF2L1,
2122,SDCCAG8,
2123,EIF4G2,
2124,EIF2AK1,
2125,EIF1B,
2126,EIF1AX,
2127,EIF1,
2128,EFHD1,
2129,EFNA1,
2130,EFNA3,
2131,EFNA5,
2132,EFS,
2133,EGF,
2134,SELL,
2135,SELENOW,
2136,EGLN3,
2137,SELENOS,
2138,SELENOP,
2139,EGR3,
2140,SELENBP1,
2141,SECTM1,
2142,EI24,
2143,DUSP6,
2144,DUSP4,
2145,DGAT1,
2146,DLK2,
2147,DKK1,
2148,SLC11A2,
2149,SLBP,
2150,DLD,
2151,SLA,
2152,SKP2,
2153,SKP1,
2154,SKIC3,
2155,SIRT1,
2156,DLST,
2157,DMAC2L,
2158,SKI,
2159,SIT1,
2160,SIRT2,
2161,DMPK,
2162,DMTN,
2163,DKC1,
2164,DIO2,
2165,DIO1,
2166,SLC16A1,
2167,DGCR8,
2168,SLC1A4,
2169,DGKG,
2170,SLC1A1,
2171,DGUOK,
2172,DHCR24,
2173,DHFR,
2174,DHPS,
2175,DHRS1,
2176,DHRS3,
2177,SLC19A2,
2178,DHRS7B,
2179,SLC19A1,
2180,DHX58,
2181,SLC16A6,
2182,DNAJA1,
2183,DNAJB1,
2184,DUSP3,
2185,SFRP1,
2186,DR1,
2187,DRAM2,
2188,SGCG,
2189,SGCD,
2190,SGCB,
2191,DSCC1,
2192,SFRP4,
2193,SFPQ,
2194,DNAJB8,
2195,SFN,
2196,SFMBT1,
2197,DTX4,
2198,DTYMK,
2199,SET,
2200,DUSP14,
2201,DUSP2,
2202,SGMS2,
2203,SH2B2,
2204,DPYSL2,
2205,SH3BGR,
2206,DNAJB9,
2207,DNAJC1,
2208,DNAJC12,
2209,DNAJC15,
2210,DNAJC3,
2211,SIK1,
2212,SIGMAR1,
2213,SIDT2,
2214,SIAH1,
2215,SHROOM1,
2216,SHH,
2217,SH3GL2,
2218,SH3BGRL2,
2219,DOP1A,
2220,DPEP3,
2221,CRLF1,
2222,CTH,
2223,CRIP2,
2224,SSR1,
2225,CHRM4,
2226,SSTR4,
2227,SST,
2228,SSR3,
2229,CHRNG,
2230,CHST1,
2231,CHST12,
2232,CHST3,
2233,SRGN,
2234,CHST4,
2235,SSPN,
2236,CHST8,
2237,CIITA,
2238,CIR1,
2239,CISH,
2240,SSB,
2241,CHPT1,
2242,ST3GAL4,
2243,ST3GAL5,
2244,CHMP1A,
2245,CFHR2,
2246,CFI,
2247,CFL1,
2248,CFLAR,
2249,ST8SIA4,
2250,ST6GALNAC2,
2251,CH25H,
2252,CHAC1,
2253,ST6GAL1,
2254,CHCHD10,
2255,CHEK1,
2256,CHEK2,
2257,CHFR,
2258,CHGA,
2259,ST3GAL6,
2260,CITED2,
2261,SS18,
2262,CKAP5,
2263,CLDN4,
2264,SRPRB,
2265,SRPRA,
2266,CLDN8,
2267,SRP9,
2268,CLEC4A,
2269,CLEC5A,
2270,SRP19,
2271,CLIC2,
2272,CLIC3,
2273,SRP14,
2274,CLIP2,
2275,CLN5,
2276,CLN6,
2277,SRM,
2278,CLNS1A,
2279,CLDN5,
2280,CLDN3,
2281,CKB,
2282,CLDN19,
2283,CKM,
2284,CKMT2,
2285,CKS1B,
2286,CKS2,
2287,CLASP1,
2288,SRSF7,
2289,CLCF1,
2290,SRSF6,
2291,SRSF3,
2292,CREG1,
2293,SRSF2,
2294,CLDN14,
2295,SRSF10,
2296,CLDN16,
2297,SRPX,
2298,STARD3,
2299,CFD,
2300,CFB,
2301,TAF13,
2302,CDCA8,
2303,TAF10,
2304,SYNPO,
2305,SYNJ2,
2306,SYNGR2,
2307,CDH15,
2308,SYNGR1,
2309,SYK,
2310,SYCP1,
2311,SUV39H1,
2312,SUPV3L1,
2313,SUPT4H1,
2314,SULT2B1,
2315,CDK2,
2316,CDK4,
2317,CDCA3,
2318,TAF9,
2319,CDK6,
2320,CDC5L,
2321,TAP1,
2322,CDADC1,
2323,TAOK2,
2324,TANK,
2325,CDC25A,
2326,TALDO1,
2327,TAL1,
2328,CDC34,
2329,CDC42,
2330,TAGLN,
2331,CDC42EP1,
2332,CDC42EP2,
2333,CDC42EP4,
2334,CDC42SE2,
2335,CDC45,
2336,SULT1B1,
2337,CDK7,
2338,CETN2,
2339,CEBPG,
2340,CELF2,
2341,STRBP,
2342,STOM,
2343,CENPA,
2344,STMN1,
2345,STK39,
2346,STK25,
2347,CENPM,
2348,CENPN,
2349,STIL,
2350,STEAP4,
2351,STEAP3,
2352,STBD1,
2353,STAT4,
2354,STARD7,
2355,CEL,
2356,CEBPD,
2357,SUCLG1,
2358,CEBPB,
2359,CDK9,
2360,SUCLA2,
2361,STX7,
2362,STX4,
2363,CDKN1C,
2364,CDKN2AIP,
2365,CDKN2B,
2366,STX12,
2367,STS,
2368,CDKN3,
2369,CDO1,
2370,STRN,
2371,CDR2,
2372,CDSN,
2373,CEBPA,
2374,SRI,
2375,NDUFS8,
2376,SNX2,
2377,SPC25,
2378,SPHK1,
2379,COX7B,
2380,SPHK2,
2381,COX7C,
2382,SPOCK2,
2383,COL1A1,
2384,COX8A,
2385,SPON1,
2386,SNX14,
2387,CPA2,
2388,CPB1,
2389,SPPL2A,
2390,SPR,
2391,SNX24,
2392,SNX10,
2393,SPRED2,
2394,CPEB2,
2395,COQ9,
2396,COG2,
2397,COCH,
2398,CNTROB,
2399,CPEB3,
2400,SPRY2,
2401,CPM,
2402,CPN1,
2403,SNTB1,
2404,SPSB1,
2405,SPCS1,
2406,COX7A2L,
2407,SQLE,
2408,COX7A2,
2409,SNX9,
2410,COQ3,
2411,COPZ2,
2412,SOCS1,
2413,SOCS3,
2414,SOD1,
2415,COX17,
2416,SOD2,
2417,COX4I1,
2418,COX5A,
2419,COX5B,
2420,CORO1A,
2421,SOD3,
2422,COX6A1,
2423,SORD,
2424,COLGALT1,
2425,SOX10,
2426,COX6A2,
2427,COX6B1,
2428,COL8A2,
2429,COX6C,
2430,SOX3,
2431,SOX9,
2432,CLPS,
2433,COX7A1,
2434,SPARC,
2435,SPARCL1,
2436,CPQ,
2437,COIL,
2438,CMPK2,
2439,CNN2,
2440,SQOR,
2441,CNBP,
2442,SQSTM1,
2443,SNRPD3,
2444,SNRPD2,
2445,SNRPG,
2446,SRD5A1,
2447,SNRPD1,
2448,SRD5A3,
2449,CRABP1,
2450,CRABP2,
2451,CMBL,
2452,CRAT,
2453,SRF,
2454,CLTB,
2455,CLTA,
2456,CLSTN3,
2457,CRB3,
2458,SNRPB2,
2459,CNIH2,
2460,COQ8A,
2461,CNOT6,
2462,CNN3,
2463,CNOT2,
2464,CNOT4,
2465,CNP,
2466,CNOT9,
2467,EZR,V65V
2468,APLP2,L330L
2469,GTF2B,R137*
2470,HDAC9,N223N
2471,AMMECR1,G48C
2472,RETSAT,N162K
2473,UGDH,L484F
2474,DMRT1,L257L
2475,LAMP3,I48T
2476,EPHB4,V689I
2477,FGFR1,V460V
2478,SREBF2,T297T
2479,MNAT1,R204R
2480,GJA5,M34I
2481,MMP1,E313Q
2482,ARG1,V24L
2483,KCNMB1,T30T
2484,CD276,S233G
2485,DAP3,S215S
2486,GATA3,S199F
2487,SPAG4,P129R
2488,DDX4,N11T
2489,CD38,C119S
2490,CAPN5,I136T
2491,POLB,G80R
2492,AGO2,V707G
2493,CDKN2A,V126V
2494,EIF2S3,V319V
2495,HNF1A,S574N
2496,PGM1,P336P
2497,KIF15,L902F
2498,PPP1R15B,L66L
2499,NDUFS1,L438R
2500,DHRS2,R30K
2501,MAST4,R199C
2502,PLCB4,R167RK1014K
2503,COPA,P594L
2504,IER5,K29K
2505,TWSG1,IPSLFR100fs
2506,IGF1R,F958L
2507,LMNB1,E567G
2508,RAPGEFL1,E450E
2509,JAG1,A959A
2510,SP1,A580A
2511,CYP4F11,S462L
2512,SEMA3C,L273L
2513,SDC3,E151E
2514,DKK4,P198P
2515,HELLS,L396L
2516,BMP6,H235R
2517,HADHA,D434H
2518,CTBP1,P308H
2519,UGT2B17,P196P
2520,RIOK3,K456Q
2521,OLFM1,Q469K
2522,UQCRB,A6G
2523,MRPL9,I188V
2524,ATP1B1,T67I
2525,CD83,Q71Q
2526,ANKZF1,A500P
2527,RAB9A,A138V
2528,KAT2B,V153M
2529,RAD54L,R52Q
2530,CD274,Q156H
2531,IDE,K273QD698A
2532,F11,T83T
2533,MEP1B,S560T
2534,PDZK1IP1,I8V
2535,SLC1A5,I453L
2536,KATNA1,I313M
2537,ELF4,F214S
2538,TNFRSF1A,F144L
2539,CFP,E4K
2540,F10,A474A
2541,CD79A,*227*
2542,CD4,W359C
2543,PFKM,V295V
2544,PTHLH,T153A
2545,HSPH1,M174L
2546,XRCC3,I12M
2547,MAPT,D704D
2548,IPCEF1,A11T
2549,SKIL,T258T
2550,RETN,S53S
2551,TSPAN13,L126V
2552,KLHDC3,IMYIFGGY139fs
2553,DHCR7,T135I
2554,MSRB1,S98R
2555,SH2B3,S360C
2556,GPX2,R171R
2557,CDK5R1,P174P
2558,CIDEA,P116T
2559,CCR8,N232K
2560,GAPVD1,L540RR975I
2561,MAL2,L126L
2562,MLPH,K412N
2563,PARP9,I33I
2564,HNRNPA1,E28K
2565,SNAP91,A838S
2566,CAMK1D,T269M
2567,DOCK10,T1347MT1401N
2568,PHTF2,R359W
2569,ADH5,R369*
2570,LATS2,P988P
2571,PDHB,V283V
2572,SCG3,V12V
2573,CEP57,Q428K
2574,NFS1,Q235*
2575,KDM3A,P876P
2576,IL2RB,D426E
2577,CYFIP2,S375S
2578,SHMT2,R359W
2579,MRPS15,R171H
2580,AMIGO1,L265L
2581,PIGR,K577N
2582,SGK1,K400E
2583,PKP2,H213Y
2584,INMT,E220*
2585,SWAP70,S197Y
2586,AKAP13,S1746I
2587,COL2A1,R334W
2588,RBPMS,R24R
2589,MKRN1,Q401H
2590,ARFIP1,Q294E
2591,LRPAP1,Q244K
2592,SPP1,Q229K
2593,CPB2,K414Q
2594,HHEX,I250V
2595,MPI,G265V
2596,TM7SF2,G200R
2597,GINS1,G133R
2598,KDELR3,F194D
2599,KDM7A,D686N
2600,GLS2,D550E
2601,IKZF4,D48EI392M
2602,MOSPD1,D30N
2603,HTR5A,C297GV239I
2604,PROC,Q3P
2605,MX2,E217D
2606,PAIP1,D260Y
2607,SGMS1,D251D
2608,DAAM1,A832G
2609,PDE6B,T305T
2610,RHOF,S194R
2611,SSBP1,I56R
2612,ADIPOQ,G148V
2613,PGD,Q337E
2614,PTCD3,N243N
2615,ENG,L251P
2616,ECSIT,W324R
2617,CTNND1,H591H
2618,COX11,R6L
2619,LBR,L429L
2620,STK38L,L359I
2621,FSCN1,F394F
2622,MAPKAPK3,V39G
2623,CDK5RAP2,V1290V
2624,POLR2C,V115I
2625,SLC22A18,R419W
2626,SCP2,P275S
2627,RRP8,I21I
2628,ANKRD2,H333N
2629,SSH2,H212D
2630,SUCLG2,H105N
2631,ARL4A,E109V
2632,ARAP3,Q472*
2633,NDUFB7,E101K
2634,PPRC1,A58A
2635,GNAI3,V50V
2636,ACRBP,P37P
2637,TSC2,M1029I
2638,SURF1,L267L
2639,CNDP2,G338S
2640,CROCC,A1198AR1746R
2641,NBL1,T41TT71T
2642,FABP2,N104K
2643,DRC1,L157L
2644,LIG3,I710VA215V
2645,PTPRJ,G338S
2646,CYP39A1,D313E
2647,PTPRR,T541A
2648,IRAK2,R603R
2649,SLC27A2,D175G
2650,GP2,C48S
2651,FLNC,V1054LS2077I
2652,TARDBP,T153M
2653,C4BPB,S162I
2654,AOC3,Q434L
2655,CDC6,L112L R445S
2656,EXOSC2,E232D
2657,FBLN2,A1101ET391T
2658,PLK2,S455R
2659,HAO2,R336W
2660,UPF3B,R255K
2661,SLC25A19,R116W
2662,NDUFS7,F110V
2663,ARF6,K174R
2664,HADH,E299E
2665,SPINT2,T80T
2666,ACSM3,S41S
2667,ECM1,S225TP196P
2668,ECM2,R299*
2669,FPR1,L272F
2670,UQCR11,D55H
2671,DPYSL4,D286DE125K
2672,ZBTB10,W710*
2673,SULT1A1,T107A
2674,SH3BP5,Q319*
2675,YWHAE,L44FE15*
2676,ADAM10,K299M
2677,ITGAM,G607G
2678,SOWAHC,A363T
2679,TGM1,L659P
2680,APOD,L140II172T
2681,LPL,G256A
2682,IL1RL1,G215R
2683,ASB13,G215G
2684,ARHGEF12,R647C
2685,SPRR3,P12A
2686,REEP5,E76K
2687,TGFBI,A384A
2688,TRIM29,S388T
2689,SLC5A6,R394PL282PP567L
2690,PHB2,Q258E
2691,DDX60,L477L
2692,AGO4,K250E
2693,CDKN2D,G150L
2694,TNNT1,D196H
2695,NCL,A210A
2696,CMKLR1,A110A
2697,DTNA,R257L
2698,CXCR3,R167H
2699,EGLN2,G293R
2700,TF,W363C
2701,TGFBR1,S241S
2702,FGD4,R224*
2703,HSPA4L,A754S
2704,SF3B3,S375L
2705,AGL,E773K
2706,NIN,E1559K
2707,ACP2,W204R
2708,STAT1,V734L
2709,BANK1,T94I
2710,RRP12,T436MF187Y
2711,ATL2,R104P
2712,CLVS1,Q55E
2713,ANTXR2,P269L
2714,LAMC2,P1182A
2715,AGFG1,K523R
2716,NRP1,G423A
2717,SNRPA,T100A
2718,DPYSL3,S115NQ340E
2719,NQO2,S108C
2720,ITGA6,Q524K
2721,XRCC6,E418D
2722,FANCC,C96FL450M
2723,LTBR,H349Y
2724,RBM38,E89G
2725,MRTO4,E185K
2726,AKAP1,V815D
2727,LYN,V303L
2728,THNSL2,R413R
2729,AURKA,G265G
2730,SORBS2,E939G
2731,ATP2A1,E381K
2732,TTR,T79I
2733,NR3C1,M604IL772P
2734,ITGB2,V439VI60L
2735,BMP1,T780ST759I
2736,ECH1,S28G
2737,ETFDH,RLKP495fs
2738,NRIP2,E32Q
2739,CDKN2C,D64N
2740,MYH7,R1359HR143WR703H
2741,CYP1A1,Q507KA28G
2742,DLAT,P187R
2743,GBF1,L143L
2744,IRF8,K148R
2745,NAB2,G232D
2746,RPS3A,E56E
2747,EPHA5,C610CK815K
2748,EIF4A3,A377P
2749,SERPINE1,A119V
2750,CDKAL1,V381LC221S
2751,AGPAT3,V120D
2752,STARD4,S81R
2753,PARP12,R582WR519R
2754,PDCD2L,R161G
2755,PSMD13,Q164E
2756,UMPS,P234A
2757,TPBG,P115PG136C
2758,TNFSF9,L124V
2759,CYCS,K87K
2760,LCLAT1,I8T
2761,CHST6,H249L
2762,TRA2B,F166fsN180S
2763,NDC80,E533E
2764,DHX16,A343T
2765,E2F5,L314H
2766,TRAF2,L268F
2767,MRAS,I136S
2768,ATP6V1D,E242K
2769,SLC2A5,V358M
2770,CSRP2,V190F
2771,NNMT,S29C
2772,TIAM1,S170F
2773,ACAA2,R371P
2774,ENPP1,R111CE906Q
2775,JAM3,L23I
2776,PAX4,L223L
2777,TNF,L151F
2778,KLK3,H78Q
2779,COL1A2,G937S
2780,HK2,G74W
2781,PSMD3,G383V
2782,PIAS1,D159D
2783,CUL5,C188F
2784,SHC1,A87V
2785,CDH2,W272RI648V
2786,AIMP2,P128P
2787,CLN8,R129Q
2788,LEPR,K1154N
2789,CHKA,I263T
2790,IL10RA,G549G
2791,SMC3,E343V
2792,MSN,D88A
2793,AOX1,D1317VA1166TL381V
2794,RBPJ,V404V
2795,MYCN,P74PP358L
2796,JAK2,L579P
2797,UNG,L29P
2798,EIF4A2,G3V
2799,SPOP,E249*
2800,PCSK1,E106QL741L
2801,SNRPB,S79L
2802,COX10,S10fs
2803,LCK,V434VV19L
2804,TMEM45A,T222S
2805,TACR1,S378A
2806,SPI1,S253S
2807,PKLR,R289L
2808,LAMTOR5,H87N
2809,PSENEN,G89GR82W
2810,EPHX1,G245R
2811,PDLIM3,G215A
2812,VDAC2,D41G
2813,SERINC1,V79L
2814,MMP3,T277T
2815,NCR1,G167R
2816,KCNN4,E45K
2817,TFF1,E25Q
2818,PREB,R386Q
2819,ACSL6,R349H
2820,PIAS2,C454F
2821,PINK1,V482M
2822,SLC12A4,S80SR492R
2823,DAD1,S7fs
2824,PTEN,R234fsV175L
2825,PLAUR,R159C
2826,CCT5,L431VN469K
2827,ABCD2,H476R
2828,PRDM2,G898G
2829,KCNQ2,G279S
2830,DTNB,A376A
2831,HTRA2,L240F
2832,NEXN,E130*
2833,F9,K109N
2834,NR4A3,A330E
2835,CCRL2,S22S
2836,CYFIP1,R786QE109DR149KM824I
2837,RAD51,Q145*
2838,TOB1,K110fs
2839,CCL17,D60E
2840,RAD9A,D301D
2841,OAS3,C73F
2842,PHKG2,*407*
2843,MAPK14,N278I
2844,MOCOS,L845VT334T
2845,SLC2A1,F445L
2846,BACH1,E707*
2847,DONSON,D372Y
2848,HLA-DRB1,A103fs
2849,WNT16,W165fsD273fs
2850,PSMC4,S233S
2851,SCG5,F204S
2852,ZFP36L1,F11F
2853,ABCC4,G318R
2854,CDC20,A434D
2855,TYK2,V298E
2856,MEIS2,V113ID78N
2857,SLC29A1,S46F
2858,CPT2,S265T
2859,ADAMTS5,R614R
2860,PLXNB2,P990RR1164Q Q688Q R616SD927Y
2861,PPP2R5B,K331K
2862,CYP11B2,I192fs
2863,BMP2K,D359DT360S
2864,MCM3,A509V
2865,SC5D,V120V
2866,VCPIP1,G670CV480L
2867,CASP5,E189D
2868,ETV1,P234S
2869,ETF1,L82L
2870,TPM4,K6K
2871,RABGAP1L,V813L
2872,UBA7,V35DN527K
2873,SCN1B,S137N
2874,ADA,R253W
2875,WAS,P417S
2876,MGAT1,P227LR187C
2877,ARHGAP29,M792V
2878,EDIL3,L162M
2879,SLC34A3,D52E
2880,GJA1,D360EV289L
2881,SPATA6,R382W
2882,IL32,D218H
2883,PTPRM,A228V
2884,SLCO1A2,W241*
2885,MSMB,V109D E111E
2886,CCNT1,D361fsL357LF146C
2887,PDK1,P423P
2888,GBP6,P220LT98N
2889,IRF2,K120*W58R
2890,RAD1,T29A
2891,AAAS,S495S
2892,RRAGD,R361WI226V
2893,KIF18B,E412KT322A
2894,MTX2,V89I
2895,SLC25A10,V123V
2896,ELF3,P30S
2897,ESRP2,E545D
2898,AGXT,D341E
2899,GMPR,A234A
2900,HSD17B2,P340S
2901,PDS5B,L999F
2902,FHL2,L75L
2903,CAMK4,K146EA390V
2904,KIF5B,E75K
2905,CARTPT,S42F
2906,RAPGEF5,R413QG223G
2907,TAT,P3SL346R
2908,ITGA3,P364RS235P
2909,BUB3,E232G
2910,ABCA8,D726YR1501Q
2911,PDLIM7,T424S
2912,PFKL,M735V
2913,GAD2,G383V
2914,ADM,S49S
2915,EGR1,S484AR320H
2916,HEYL,S10S
2917,NFKBIZ,R572K
2918,VWA5A,L230L
2919,WRN,L211VI631M
2920,TXNRD2,G83GY194*
2921,DCBLD2,F406L
2922,NARF,E238*
2923,USP1,S575R
2924,TDRD7,R720*D37H
2925,TCHH,R1795GE547E
2926,ATP6V1F,A80T
2927,ABCG4,T442NA608V
2928,CTSE,T282TA150A
2929,CADM3,T195I
2930,ERBB2,R896HS310F
2931,MARK4,R410Q
2932,AMPH,P249SD639D
2933,NTM,P112HR62RR87H
2934,MYBL2,L631P
2935,PEX5,L515L
2936,REL,K135K
2937,APAF1,D479NE146V
2938,FABP4,V119I
2939,SEC61A1,T286MV462F
2940,MAN1A1,N336K
2941,WNT2,G68DA256A
2942,CRP,E103K
2943,FBXW11,R236C
2944,MFHAS1,R169L
2945,TXNIP,V168V
2946,PHGDH,V391V
2947,ITGB1,N403N
2948,COPB2,T792fsG855R
2949,MEF2A,S369T
2950,FADS2,P77R
2951,ARAF,P561P
2952,MID1,A394P
2953,PGK2,A102S
2954,SEMA4D,D260N
2955,FOSB,T59TS114R
2956,GCKR,R361H
2957,SLAMF7,Q64K
2958,ACSL4,P239T
2959,PGR,I751F
2960,BID,S64T
2961,WASF2,P268A
2962,MDH2,K307R
2963,DUSP5,I317I
2964,CEP72,H150YC437*
2965,IER2,G26G
2966,CSF3R,E363D
2967,RAP1GAP,P327L
2968,PHF3,P1187P
2969,CDKN1B,E78KL144L
2970,HES1,A271V
2971,ZEB1,D115E
2972,FARSA,R72WV430LV125A
2973,CDH13,R167M R170M
2974,PLEK2,F121F
2975,RABGAP1,V112VL100L
2976,POLE,T2245NV1394VN1869K
2977,HOXB1,S78CY22H
2978,ALAS1,S311S
2979,CR1,S2132CP1341P
2980,ABCA6,S1541YA1534V
2981,SLC25A4,R188K
2982,TCOF1,G1121R
2983,ALCAM,E460Q
2984,UPB1,D309E
2985,RHBDF2,V650fs
2986,ABR,I843fs
2987,AMOT,E757AE1063Q
2988,THBS3,D739HN310S
2989,PSMA2,V87V
2990,HDAC5,Q583E
2991,ELF1,P225A
2992,ARHGEF2,N709S
2993,TRO,L394M
2994,HNF4A,L393L
2995,CACNA1H,I359IG1321V
2996,MTIF2,D350Y
2997,PREX1,C234F
2998,MASP2,A305PS546C
2999,PDGFC,V163F
3000,SLAMF1,T10IS277fs
3001,PDAP1,K56fs
3002,SLC23A2,G591R
3003,STC2,A22AY297F
3004,ERRFI1,T187A
3005,MAP2K3,R82W
3006,UNC5C,E177KT738fs
3007,CCT4,V397VE459D
3008,BRAF,S637*
3009,MFN2,R564W
3010,BAG1,Q216*
3011,BCAR3,Q197E
3012,MMP7,L6M
3013,APP,L28L
3014,TPX2,I151T
3015,CYP2C18,G79V
3016,MMP8,E38KD378DR292L
3017,FGGY,D550G
3018,KCNH2,D383N
3019,TLR1,A476T
3020,CCT3,V332LL245V
3021,KDM6B,T1276T
3022,RAD21,S195P
3023,PKP1,R317M
3024,ADAM2,P30PH581P
3025,TRIM58,L439IL458LP368QR482G
3026,NMU,L42*
3027,HMGCL,L281L
3028,USP18,K37R
3029,LDB3,G162AS241SR533K
3030,OPHN1,F87SD137HT682N
3031,BTRC,F514YP66S
3032,INPP5F,E597K
3033,CASQ1,D178G
3034,DEPTOR,C190YT36S
3035,FERMT2,A542S
3036,CACNA1F,A1504SD314E
3037,EED,A11AP60P
3038,ABCB11,A995V
3039,SYTL2,V300L
3040,COPE,V16G
3041,ITPK1,S223L
3042,KIFC3,R451H
3043,REEP6,P142P
3044,ASF1B,P130S
3045,EGR2,L219L
3046,IRAK4,I53V
3047,HPN,I332M
3048,DCPS,H279N
3049,ITGB3,D510D
3050,NCAPD2,C816C
3051,MCM2,A263A
3052,FOXN3,T434I
3053,GBP2,S113F
3054,IL16,P578PH312Q
3055,CTNNB1,H186H
3056,MPZL1,G68R
3057,ADD1,A544A
3058,DIABLO,T182N
3059,GDE1,T120TL82V
3060,DLG4,R516Q
3061,UPP1,R285C
3062,AQP9,Q109H
3063,CHPF,P330I
3064,MFSD6,P218RF188V
3065,CLDN6,P135A
3066,KLF5,M281I
3067,CALM3,M145I
3068,PSAT1,KGH333fs
3069,TMPRSS6,I613L
3070,ARID5B,E498VL1081L
3071,SAMM50,E234K
3072,OSBP2,E109Q
3073,PNN,D436E
3074,PICALM,V634I
3075,PTPRC,P160QIK440fsA582V
3076,GPD2,A708V
3077,NCAN,R214HT871MY1102NR231H
3078,BMPR1B,N44Y
3079,MTHFD1,E276GG265A
3080,NEGR1,W257C
3081,RAD23B,T195I
3082,TLE4,R214*
3083,CYP1A2,P484TG107G
3084,MTRR,K371*
3085,ACAA1,I103I
3086,PPARG,D365D
3087,CBLB,A828AD759EP445P
3088,NUP153,T695S
3089,VASP,R86R
3090,LDB1,R267H
3091,STAG3,R232SL45LA441A
3092,KLK2,P237S
3093,CYP4A22,P157S
3094,VAV2,N374HG168RA111V
3095,MX1,L619I
3096,MAPK8,L198F
3097,PLAG1,K198K
3098,TNFSF10,G13R
3099,NHP2,E134K
3100,TRIP10,D260N
3101,SCARF1,C41S
3102,ADAR,A319SK1039RT836IA250V
3103,RAPGEF6,A1588EK638NK1425T
3104,PIKFYVE,W74CK1446*R1984*L1530VR1471K
3105,APH1A,S79C
3106,MAST3,S764TE330A
3107,ADCY1,R571HR1008Q
3108,RHOB,V127G
3109,MAOA,T156N
3110,BUB1B,R931WD820E
3111,GCLM,E141G
3112,RAB4A,A208T
3113,CLCN2,T679S
3114,JAGN1,P77P
3115,ARFGAP1,N29D
3116,BIK,L21L
3117,NGB,L136L
3118,SPTBN1,L1314*T1647T
3119,CTSF,E305fs
3120,SCAF8,E1101D
3121,JAK1,T478T
3122,RPS6KA3,R337R
3123,KLF3,P205L
3124,HEXIM1,N17Y
3125,CXCL9,K104N
3126,SPCS3,I66TK33I
3127,LFNG,H345P
3128,PDLIM1,G171V
3129,SH2B1,E349A
3130,ABCC8,D1354Y
3131,PTGFR,A253VG273*H143N
3132,ACSL1,W611*P367L
3133,NUP93,V421L
3134,PFKFB1,P3P
3135,SLC12A2,L657VW714C
3136,PDIA5,I449I
3137,PTGS2,G283S
3138,XPC,D121EG757R
3139,MEF2D,T80S
3140,DCC,Q460ER661*
3141,COL4A2,P164S
3142,GDNF,G133R
3143,TLR6,E371GR446T
3144,TOP2A,-202fsG307GW194fs
3145,DBF4,S465S
3146,CMPK1,R128I
3147,CDK8,E165Q
3148,MAP1S,A1033V
3149,DUSP1,V206I
3150,SOCS5,R429QS195S
3151,INPPL1,R342Q
3152,PREP,P482P
3153,DPYD,P462PG252V
3154,IL13RA2,N194N
3155,CLIP1,G827G
3156,LOXL2,G155SD28E
3157,TUBB,G140G
3158,ZBTB17,T635S
3159,DRAM1,T227T
3160,FUT8,S270F
3161,JMJD6,R8S
3162,PCYT2,P243N
3163,CD55,L38I
3164,PRKCG,D193N
3165,ADORA2B,V315GL310F
3166,CTSC,G4WY168*
3167,NOP16,E178*
3168,ANXA13,D264G
3169,GMPR2,V295LG242R
3170,P2RY1,T13T
3171,HRC,S401G
3172,TRIM10,R473QR42C
3173,LPIN1,Q654RT627N
3174,FOXA2,N38H
3175,EPB42,M334KA472A
3176,CA1,L119fs
3177,CDK13,G1050C
3178,MYO15A,F2569IA2129A T3122T
3179,GPER1,F146Y
3180,FARP1,E353V
3181,ALAS2,E342E
3182,CDH16,E281DI797LP395R
3183,CD8A,D104N
3184,SLCO2A1,A595A
3185,PGLYRP1,*197*
3186,SEC31A,P803P
3187,COMT,K98K
3188,PEX2,K136*
3189,PPARGC1A,G348RR797H
3190,PDPN,E82QS104P
3191,ETV4,S398S
3192,CA4,S265GR215I
3193,PUS1,R57R
3194,GSPT1,R186KP66P
3195,CLPB,K10R
3196,ALDH1L1,D259H
3197,FGFR3,C582F
3198,IL7R,T368ST56S
3199,SPAG5,S457R
3200,PRAF2,Q31H
3201,TBCD,F603SL1047V
3202,CELSR1,W1958G
3203,SCRN1,S241C
3204,DLG1,K738EP464R
3205,ADAM19,H349QP684S
3206,IRS1,G1154VD731G G730fs D658E V657MG123K
3207,COX15,E115K
3208,DNAJA4,D9E
3209,CDK1,D73H
3210,ADAM9,S545Y
3211,GC,S221T
3212,CLDN11,S14CI151V
3213,AP1G1,M745TI107L
3214,CSRP1,H92Q
3215,SMTN,A533fsN483N
3216,ZFPM2,VSK811fsS423RNFI1133fsE77G
3217,AIFM3,S194NG217V
3218,RASA2,R75H
3219,ATP1A1,R385W
3220,PRLR,L117IH197Y
3221,NDUFV2,K129K
3222,RIPK2,I208N
3223,HNRNPA2B1,G282G
3224,FOXJ2,G279RAVH60fsP335A
3225,KCNMA1,F213CK769fs
3226,VAV3,E205*R38PR224R
3227,ALDH1A1,E107E
3228,CCNG2,F334F
3229,CAP1,M157V
3230,HDAC11,E239VP96P
3231,USO1,V159LI331TY568* M569fs
3232,RET,T966TN437NT636M
3233,STX5,R89*P44fs
3234,POR,D641V
3235,FNTA,D53Y
3236,TAP2,S232S
3237,CD86,N135H
3238,ANO1,I805IM378I
3239,DOCK9,D1952H
3240,IL4R,A761TE577K
3241,STAT2,V286A
3242,GPR83,T403T
3243,BAG3,T285MG434R
3244,LIMA1,R9W
3245,KIF3B,R507TE609*
3246,CAMK2B,R275H
3247,ZNF277,Q130KF171L
3248,PCSK9,P404QG590NR167L
3249,AR,L729I
3250,PAK4,L566L
3251,NR4A2,L410LR278HD144DE354fs
3252,RHAG,L216I
3253,PLCB2,K71TH311Q
3254,SPOCK1,K201Q
3255,ST14,H656PS254A
3256,RREB1,G782VP1539AR51RS1140F
3257,RELA,E127Q
3258,FAM162A,D81D
3259,UPF1,D298DK926M P927S
3260,SLC10A3,D280N
3261,MGP,A91V
3262,TMPRSS3,A387E
3263,RBM4,A359T
3264,ADCY2,V72FD1070DH533DR238HM530I
3265,CYP2E1,T69R
3266,DGKH,R942GS1144N
3267,TRIB3,R113GP9A
3268,RAD23A,Q358H
3269,MYL2,D48YK4K
3270,IL4I1,S21CR102G
3271,LONP1,L478Q
3272,PPP2R2C,I203II167I
3273,SLC23A1,D6E
3274,CDC7,D62GE533Q
3275,GMCL1,W282CD109G
3276,FZD1,G267G
3277,STAM2,D334A
3278,CD1D,A207A
3279,DNAJB4,V329L
3280,METAP1,Q127P
3281,ETS1,P190R
3282,PTGIS,N302SA307S
3283,MSH2,L750fsQ409Q
3284,SKAP2,K350E
3285,ADAMTS1,G174EL185V
3286,CD209,A382T
3287,CD3E,V134LQ204E
3288,NEDD4L,T63K
3289,ATRX,S1326fsN2290S
3290,ONECUT1,L424M
3291,CDC42BPA,L1657FQ1089Q
3292,GEMIN4,I402IL701FH285HG234W
3293,SIAH2,G286S
3294,SRC,D407HV402L
3295,KIF1B,C899F
3296,CDH8,T591TY775YP15TI316MP389PR646Q
3297,PCDH7,P1009PG692E
3298,CASP6,M19R
3299,SLC7A2,G247RA56D
3300,EVI5,F215LP770T
3301,CEP250,E1887GE47KT2299T
3302,GNA14,E123*R302K
3303,GZMA,D164N
3304,PROS1,V337M
3305,FLII,L877L
3306,ITSN1,G9AL1487LG1195AY1013fs
3307,NUSAP1,G83D
3308,EWSR1,T414AG245V
3309,GFI1,R82Q
3310,HLA-G,Q300PT264I
3311,CHPF2,Q279KS467TR416WQ53H
3312,BUB1,N534S
3313,GSTM1,M35L
3314,HSD17B4,I399V
3315,CYP26B1,G98VD398F
3316,PTGIR,F146F
3317,ZNFX1,F1453C
3318,LLGL1,A410A
3319,C5,A1252A
3320,RELB,V372V
3321,STXBP1,S593N
3322,RPN1,R263fsI454T
3323,APEX1,R193HE242*
3324,DDX39A,R174H
3325,PHEX,Q383E
3326,LDLR,P848LS786R
3327,MLH1,N187YR100*
3328,ATF1,L71IL214FR228G
3329,MICB,G4C
3330,MATN2,E743*E246V
3331,GPRC5C,A66TR226W
3332,CDC14B,L488L
3333,PLPPR4,S444TY661YF286L
3334,RNF31,L398I
3335,FCN1,K23N
3336,SHE,E324DY204H
3337,HERC6,A249V
3338,TNIP1,A102A
3339,SLC16A3,V347L
3340,SCG2,T450T
3341,SYT11,T212N
3342,OAS2,S466R
3343,OGDH,R794SP625S
3344,MBP,R69C
3345,IFIT2,L198V
3346,AMBN,G38SP339Q
3347,YWHAB,D104E
3348,POSTN,V823fsN445N
3349,SYBU,R660H
3350,BLVRA,R225*
3351,CLDN15,R101H
3352,PSMB5,L11Q
3353,MBL2,G48G
3354,DLGAP5,C381GL466V
3355,GLCE,A473V
3356,SLIT2,A276T
3357,HTR7,V206V
3358,PXN,S536YT430RE241DG294S
3359,C8A,R59Q
3360,NOLC1,R262W
3361,COL16A1,R201SV218VI425IG1561VA622T
3362,CA6,R132TF165F
3363,ZNRF4,W256S
3364,ABCC5,V1435LF1408YE1407E
3365,SF3A3,T288T
3366,CKAP4,T256R
3367,MYL1,T158T
3368,SPC24,S65S
3369,BNIP3,S35S
3370,PHKA2,R1063fsNTATCGT117fs
3371,TAF12,Q123R
3372,B3GAT1,L294FI253TV11I
3373,FBXO6,L183H
3374,SOAT2,K80TD154H
3375,HDLBP,I530I
3376,CAPG,G40V
3377,WDR33,G1310fs
3378,TFDP1,F359FE208*
3379,PTK2B,E438QR770R
3380,SPTBN2,E1918*R1227W
3381,CACNA2D2,C341fs
3382,ERCC2,A503G
3383,SDC2,V43GE125K
3384,FZD5,V404LR449C
3385,HSPA1A,S579S
3386,WIPF1,P215PD371E
3387,RBBP8,L832LS696N
3388,ITGB1BP2,K68E
3389,ODF2,H167D
3390,ABCB6,G118A
3391,MYOM2,D773DI1050ID1317E
3392,NUMB,T604AA621V
3393,CST7,S27Y
3394,ZMAT3,L74V
3395,GGA2,I532I
3396,PGK1,I40M
3397,NCAPH2,E414*
3398,CALCRL,V315I
3399,RAP1GDS1,V247V
3400,CD47,S75C
3401,ATP6AP1,A237SY355*
3402,ARID4B,W935*N1102S
3403,GRWD1,V446I
3404,THBS2,T99MS1064fsL144LR189P
3405,TMEM176B,T2M
3406,RPLP0,S240S
3407,TEX15,S160PS1112TL1383F
3408,CDH4,R194WT208M
3409,RPS9,R172S
3410,RGS4,R166C
3411,HSPA1L,P438PE516Q
3412,CEP131,L958V
3413,RANBP1,KEKGAIRLL81fs
3414,ATRN,I1161I
3415,SHMT1,F475V
3416,SMC4,D150N
3417,KRT31,A34P
3418,PDK3,V193M
3419,IRS4,V1047LE70*R731H
3420,ABCC2,S789C
3421,AQP3,R218fs
3422,PLVAP,R107R
3423,ABHD6,P269LK334R
3424,SDHA,L649fsR195R
3425,SORBS3,I94V
3426,CDC27,I91fsD549EV550G
3427,FURIN,G653EVAGLSCAFI717fsG653G
3428,PRC1,G543VE237QP468R
3429,CTHRC1,G181R
3430,LRP10,G110SR235G
3431,KLK10,G106VG106V
3432,CENPJ,E212DL575SD49DN123Y
3433,DBI,A10S
3434,FN1,T2163S
3435,ZC3H12A,S555NE169K
3436,PDE4B,S417S
3437,SCAMP3,R5T
3438,B3GAT3,N162KV190V
3439,UTP20,H240LY1962*
3440,CGRRF1,G69AS260P
3441,MEP1A,F37F
3442,SERPINA5,D51H
3443,PRKCB,C386SD626NG88G
3444,CYTH2,V192IG89W
3445,ASNS,V53AY488*
3446,NPHP1,V168LI273R
3447,KCNMB2,L200V
3448,AUTS2,E347KP430P
3449,RNF19A,E178KI309K
3450,AFAP1L2,A571T
3451,WNK4,S1039CS1231R
3452,LPIN2,Q171H
3453,CHRNB1,L358LP371P
3454,SERPINA10,L181FR437M
3455,RXRB,K251KS410LR252C
3456,IFI44,I77V
3457,ERCC5,G78VD943YS1078F
3458,KCNA3,E346KA267TD293N
3459,ZAP70,D303G
3460,ANXA5,D211H
3461,CSE1L,V637F
3462,RBBP7,V297LF312F
3463,NXF1,T76A
3464,ALDH6A1,R535H
3465,CALML5,N25S
3466,MGST1,L95F
3467,FES,L684PY737C
3468,ABL1,K87N
3469,STAB1,H430R
3470,SRSF1,H140QR51C
3471,EIF3B,G536GT640A
3472,GCA,G37*
3473,NKX6-1,D331Y
3474,NDST1,A264AA430A
3475,F13A1,R78C
3476,FZD7,R312fsA390T
3477,MAML1,P696PK536R
3478,MVP,P312TR477Q
3479,LRRC8C,K233NL525R
3480,ADAM12,T95TG37RG479G
3481,PCOLCE2,S164Y
3482,CDKN1A,R140Q
3483,POLA1,P131LK988K
3484,CSNK1E,N172K
3485,P2RY2,I127FA83V
3486,STAM,E118G
3487,SYT12,Q266H
3488,IGSF1,L1244VL956LE242G
3489,DDX25,E305Q
3490,DNMT1,T523AS1382L
3491,PDLIM4,T114KR299R
3492,TIAL1,T109I
3493,PTK2,R426*L247L
3494,AXIN1,Q706Q
3495,ETS2,Q130QG356C
3496,CCNA1,L371RC452YA391AA391A
3497,PALLD,KGGPQSQLC161fsR760RH840H
3498,STC1,I239N
3499,EDC4,E76KR860*R974HN484D
3500,SLC6A9,C623CR662Q
3501,LRIG1,A984DT580T
3502,IRF4,94_95KT>NP
3503,TLR3,L469VT262A
3504,MMP9,L35L
3505,AGGF1,G519V
3506,IL17RA,V579G
3507,ISG20L2,V325A
3508,DDB2,T338P
3509,VWF,T286TA1344AM2579IT2255SR2578GD533D
3510,USP14,S241R
3511,MMP15,P474S
3512,CPE,P299Q
3513,MYOZ1,P216P
3514,SERPINB5,M307L
3515,HDAC6,L508LP748TK377KF131C
3516,PRKAA2,H73QT506A
3517,ELOVL3,H252NG96R
3518,ACVR1,G69VL495F
3519,UCHL5,D75H
3520,PTPN21,A969AP419H
3521,ESPL1,T351TS1820SL882L
3522,CYP8B1,G332SR26*
3523,CCT6B,E192Q
3524,PBX2,A77V
3525,CASP1,A329TN205I
3526,RHOT1,A305VV418LD106H
3527,ANPEP,P95SG143G
3528,ISL1,K254E
3529,KCND1,G620SP639P
3530,CD207,A10A
3531,TAF6,L243LK110TL201MR102R
3532,SERPINA6,L156F
3533,MYH8,L1456LM360IR1271QR1132RQ1214K
3534,PTPRE,I497I
3535,RPA1,E418fs
3536,TFCP2L1,E33K
3537,PROCR,C232R
3538,TFB2M,W387S
3539,EHHADH,S720RV480VG301R
3540,POLQ,P611AI1459I
3541,PPM1G,N410N
3542,TLR8,L512LT574TS633TL504H
3543,PPARA,G58A
3544,CD36,A458A
3545,GOLGA4,A1214GK648TQ59HQ651E
3546,IL18RAP,V238FL265H
3547,IFI35,V171F
3548,CYP7B1,T426IR324S
3549,B4GALT5,T113N
3550,ERCC4,S780SD457DA583T
3551,TSC1,RKVI721fsR804TS1043R
3552,SSRP1,N498NT575M
3553,PNP,I30fs
3554,SAP30,I100I
3555,BDKRB1,H199NL226MA250V
3556,CR2,G99*
3557,ACAT1,F261FM130I S139N
3558,MET,E221GD1398NL238FR266S
3559,RASAL2,E138*E396D
3560,BIN1,D93N
3561,PPAN,S166F
3562,EIF2AK3,K311QE300QR1065*
3563,CDC25B,E247D
3564,HSP90AA1,E205DEK246fs
3565,ACKR3,D141Y
3566,CELSR2,V491LR352CP136QA687V
3567,SLC35B2,S231CL11L
3568,RABIF,R18R
3569,CBL,L338L
3570,MTF2,K161QV516L
3571,STAT5A,D658E
3572,LCAT,T298AQ320E
3573,NEFH,S359TA604fs
3574,ADAM23,Q340*H247RG578S
3575,STX16,Q296*
3576,HNRNPU,P166S
3577,COL11A1,G625SP1134PS1662TA1326TF401V
3578,RHOG,A42S
3579,PRRX1,V180I
3580,POLD4,R5R
3581,NOTCH2,R1931HQ2452QP2219L
3582,NDST2,E641DT422M
3583,TKT,A404TY563D
3584,CDH6,R707CE741KG243SG42A
3585,SULF2,R137WA128SN640KL483L
3586,KCNIP3,L69PS63fs Q83Q
3587,WDR74,L221V
3588,ADAM8,G819GA820fs
3589,SUN2,F270VT192P
3590,CLDN18,D34NR80RY46*
3591,CREBBP,A884TI1453TV1467VGPQ837fs
3592,HAS2,W148*G491CW187CG139V
3593,COL12A1,S554*K2236KN2110NE69EN1849K
3594,RASGRP1,S314L
3595,EPHX2,S238T
3596,IL3RA,R166S
3597,ETV5,N77H
3598,GBE1,N58N
3599,RAB27A,L84L
3600,CXCL8,L32H
3601,CSF2RA,E311*
3602,DDC,D59EV184V
3603,QSOX1,A559T
3604,UQCR10,A3A
3605,ZC3H14,R278TN57Y
3606,ATP1A3,Q920H
3607,AK3,Q179EM71I
3608,PER1,P403AQ846*A712A
3609,ARHGEF11,G1122GA475AD1310N
3610,STAU1,A242TA359VE310Q
3611,KLHDC8A,A117A
3612,EIF4A1,V144VN280S
3613,NLGN3,R798CY502*
3614,LIFR,R302HI135N
3615,MYL4,R125HT68NL111P
3616,LPCAT3,W344C
3617,DMC1,V7V
3618,SYNJ1,V355VL1328PP1304P
3619,SDC1,V25LR155MH154YG36A
3620,SHROOM2,S983TG76D
3621,DCTN1,S651RL705VR486RS892*
3622,ABI3BP,S499R
3623,TTK,S214*E851fsP691PT637R
3624,XPNPEP1,R516GL600LG546C
3625,ACTN2,R407MD693NL273L
3626,NCOA6,R1323WS1349AS1803Y
3627,DOCK4,Q1078Q
3628,TYRO3,P773PA273G
3629,MYOM1,N1147HR31LP1521AG953E
3630,ACLY,L43FA1048G
3631,ASS1,K412T
3632,NAP1L1,K276Q
3633,ALDH3A2,I371VP441L
3634,NCAM1,I136TN560N
3635,TJP1,E957VHPSAGPK1178fsE568EQ1724E
3636,ATP2B4,E335DE1152V
3637,CTCF,E291DG582G
3638,FOSL2,E289Q
3639,ODC1,D10G
3640,NPC1,A764AF998C
3641,GABRA3,A420T
3642,ITK,V541VP79PD202AA349SE108Q
3643,DNTTIP2,Q243*
3644,VIM,Q160KE407K
3645,TRAK2,P778L
3646,BCL2L13,P316P
3647,EVL,P187PS329C
3648,BMPR2,L884PR974P
3649,EXT1,I539MT568TA151A
3650,IL13,H2RV51G
3651,EXOC2,F703FQ462HA57SQPPLVTG6fs
3652,MSX1,F179C
3653,MPHOSPH10,C14SK669R
3654,SLC6A3,A163VV604VL138RR445G
3655,SIRT6,T263T
3656,GPI,T248NS367C
3657,ATP2A2,S609YD886D
3658,CHAF1A,R515Q
3659,RHOH,R23H
3660,SMC1A,P512HR626HD582YR895H
3661,CEP192,M209IT636RR668RV888I
3662,LIPE,G883R
3663,SVIL,A117SE308DV1490IS644FV1886MV327V L124VV1426V
3664,ICAM1,P311L
3665,EPHA2,R957CW912C
3666,PDLIM5,P524H
3667,SMURF1,E586*
3668,ITGAV,V347LS501Y
3669,L1CAM,S1062FV841VT851TT910NA164VM1012L
3670,KIF20B,P495P
3671,MSH5,M566IQ552Q
3672,CERCAM,L533L
3673,AKR1D1,I21I
3674,CTSL,H36YS117fsD192N
3675,COQ5,G276*
3676,FBN2,G2185DW1007CQ663QT1748II633IV961VT203N
3677,MMP13,D30N
3678,NOTCH1,A541AD1807DP2417AR2327W
3679,POLD2,A51G
3680,AKAP10,T272fs
3681,NOG,S195S
3682,NEUROD1,S162T
3683,MRPS18B,R149QG132C
3684,GFRA1,N281I
3685,PEX11G,L35L
3686,ACTG1,L180V
3687,LRRC15,I431TS554C
3688,RASA1,G700C
3689,NTF3,G125R
3690,FBXW7,E693KL651*R505CR465H
3691,GSK3B,E121D
3692,SNCA,A19A
3693,NID2,A1169G
3694,NFKB1,R334QL69L
3695,ANG,K41I
3696,HEXA,K342RT217SY435Y
3697,SLIT3,G1199*A1174T D69ES380T
3698,PCOLCE,CP389fs
3699,ILVBL,A393AF175Y
3700,TRIP13,Q349*
3701,SELP,CQ163fsS781SL217MS596T
3702,MAPK1,A143A
3703,PTCH1,V474IQ1366KE1066ED39HQ466EA1101S
3704,MAST2,P730LL91VR537HY625N
3705,DHRS7,M312I
3706,CDH1,G203SM316V
3707,AKAP4,E282A
3708,GLDC,A498PLNLH750fs
3709,FZD2,V268VP505PS515S
3710,VDR,T146TD149Y
3711,STIP1,R160*R77RL522F
3712,SYMPK,K447K
3713,PRKCE,H281HQ197P
3714,SUPT5H,E29*R416WE362Q
3715,BMPR1A,E104K
3716,NTRK3,D584ER745WV501VE556*
3717,STAT3,A53GR246R
3718,AZGP1,W154S
3719,MAP2K6,V163G
3720,CFH,S706S
3721,C8B,R242G
3722,REV3L,I83M
3723,ERCC3,I285I
3724,KMT2D,G3026GQ1773*
3725,TIMM50,G269G
3726,NOL3,G118V
3727,SMPDL3A,D110D
3728,ATAD2,D1014HS1275T
3729,EIF4G1,A730AR893R
3730,LPAR6,A149AS92FA149AA149A
3731,EXOC4,I480TD643GA6D
3732,NIPBL,D1646GT1918AK1690RS861*
3733,LHX9,R40GG32V
3734,PRPF4B,R183*
3735,NOD2,Q571*G78A
3736,MYBL1,M307TE716G
3737,ITGBL1,K114K
3738,IL12RB2,F99CG370RL253M
3739,DTX2,D118Y
3740,DLL1,C204C
3741,SASS6,A378V
3742,SHOX2,A127V
3743,FOXO3,S505fsM387I
3744,WWC1,R983HQ1062Q
3745,KRT13,R456HG344G
3746,ALDOC,R304C
3747,JUP,N490SL415H
3748,CCSER2,L203SF783VN291S
3749,CCNA2,I162L
3750,INSM1,A465A
3751,TUBG1,R124L
3752,KIF3C,N210HP445PK103K
3753,NLRP3,I59MR327GD789E
3754,ACADVL,I258I
3755,SYT13,H252Q
3756,SLC30A1,F294LESA338fs
3757,CRMP1,A261A
3758,E2F2,V175MA21AL413L
3759,ZNF112,T828TK728RE892G
3760,MYH2,R445HQ501KN600KR1388H
3761,MARCO,R332LG151G
3762,GCLC,R307R
3763,MRPL23,R18P
3764,BST2,Q110HV35VT4I
3765,BCL3,P444Q
3766,HLA-DRA,M98I
3767,TP63,M107LT329P
3768,MADD,LP284fsV1408LA1421V
3769,IQGAP2,I1308TQ115*D1260NN1151K
3770,SGCA,E190DT293T
3771,NUMA1,E1275K R985RA601VE442K
3772,MPG,D211Y
3773,GLO1,C20Y G10C
3774,TAF1C,A655V
3775,SLC24A3,R82Q
3776,RFC1,Q937*L209V
3777,ILF3,P399fsQ423QT238SS503S
3778,KCNN1,V412LL154L
3779,PFKFB3,S197RQ228*P173P
3780,GPR132,R156WV145V
3781,TTC39B,N149KA113A
3782,SLC20A1,L308HE259V
3783,RRM2B,K166N
3784,CTNNA1,H59Y
3785,TOPBP1,E604KE723Q
3786,MCEE,A76A
3787,DYRK2,A397SS331S
3788,RTN3,A1008T
3789,POLD3,K382N
3790,SPTA1,I1734MV164LG1448WA2325A
3791,BTBD3,G512RT218S
3792,PRPF3,D312E
3793,KRT1,D248N
3794,CLCN3,C783W
3795,LCP1,A471AG113G
3796,ROS1,A2106TS370YG559GQ177*
3797,KHNYN,V492V
3798,IL2RA,V16LR176K
3799,RNPS1,T62TE217K
3800,COL7A1,S2856fsG2351AA2592TG1863GQ1255H P476PL883L
3801,MED13L,Q1504HS1604FF2031L
3802,VCL,P617SE623D
3803,EPB41L3,L616HE236VR129CT752MT919A
3804,PRMT5,L157M
3805,TGFBR2,K262NK468QR479Q
3806,NR1I2,G256W
3807,NRAP,E17ES985GN456KS169RP1220H
3808,GSS,D219HP138A
3809,GREB1,C157FP1792LN1084IL1814LS344Y
3810,POU2F1,A576fs
3811,APBB2,S488S
3812,ABCB1,R749*G722VR1085W
3813,HBD,Q40H
3814,CYP27A1,P302S
3815,EXO1,K444TA98T
3816,EIF4EBP1,H97Q
3817,GPNMB,G570RW168SG167R
3818,LPAR1,D288DY75C
3819,MXRA5,V758IP820SP877AI60MH87PE325D
3820,RCE1,SS79fs
3821,PTPRG,H39HS545RR703RV237FQ856KP570L
3822,MAOB,F274I
3823,RHOA,D76NG17V
3824,DTX1,A598T
3825,SLC1A2,TFR371fsV122V
3826,NOP2,S150S
3827,MAGI2,R627RT137PD990EG930G
3828,DLG5,R1339RI540SS1508S
3829,ELN,Q539QA71EA461S
3830,DSC2,K270*
3831,SLC12A3,G493V
3832,MTNR1A,F196L
3833,ALOX15B,A363V
3834,ITIH4,T51KA683TD892D
3835,RPS6KA5,S263C
3836,HSPA5,Q343HP641P
3837,PNMT,P189P
3838,TNS1,K249NQ1513RY796C
3839,GPHN,I344NP652L
3840,ITGA4,G490*K363N
3841,ADD3,E580D
3842,NAV2,E2089QM881K
3843,ABCB4,D576GL1212L
3844,CD3D,D54D
3845,EFHC1,D230EE357A
3846,PEG3,D1460NR393CA331AR193WG1266CG1477VR598H
3847,NPFFR2,C455RI149V
3848,SLC6A12,A73D
3849,TG,V2339IR2336QC1543SH892HQ1299L
3850,TGIF1,V176LP85fsP85fs
3851,DSC1,S643FN571KE188G
3852,CNTRL,Q482PA480AI1663TL2042L
3853,PAXIP1,N375K
3854,MYH11,N236NR709CL639RT280RI786T
3855,SNAI2,N134D
3856,KPTN,L190L
3857,IFIH1,K351E
3858,NDUFB2,I99V
3859,TUBD1,I423T
3860,MYOF,H927HR1644QT716fsI1057V
3861,MEFV,H739PR348HS312I
3862,KIT,G961SY570*V307GN326NR888RP31LR956Q
3863,HNRNPA3,G288VG295V
3864,SLC2A4,G207R
3865,ACSS1,E145V
3866,TNFAIP8,E100A
3867,DNTT,A56S
3868,HUWE1,V2900ML3707QS1903*L4347MH3109RS2184NS2026PQ381K
3869,DYNC1H1,S1986CR4638WY1172YM212VL3649V
3870,DOCK2,R1446QR854QE1456QG1143G
3871,GABBR1,Q149*V580VN431SG364G
3872,POLD1,P712PA934A
3873,ACSL3,P272HV658A
3874,COL5A2,P1226PP659SR1453Q
3875,MYH4,N592KT927PR823CA1694AF483VQ1708EG461R
3876,TIPIN,M107I
3877,SERPINH1,L406VL80L
3878,ITGB7,F286FV185IG175AY753H
3879,PLOD3,D234VELPQ475fsT716H
3880,SERPINE2,V114M
3881,LLGL2,T130R
3882,DCT,R65PL145F
3883,CALCR,Q405HV42IR45*
3884,AIFM1,P335PF193LK593NP488P
3885,LMNA,I210VV256GN580K
3886,ITGA7,G929GP351P
3887,TCIRG1,G443GR366LV595AR363L
3888,TOM1L1,V218M
3889,LTBP1,S694FC942CS359SG1555E
3890,ADRA2B,R201CR161H
3891,ATP2B1,K1029KM928I
3892,B4GALT2,F254C
3893,CASP4,R194T
3894,PARN,N627YM428I
3895,PMM2,L56L
3896,PAN2,H771QA517A
3897,TSPAN1,T188T
3898,FGR,R434I
3899,PLOD1,N417NV218ML311L
3900,ARID4A,G874GP467AI869V
3901,COMP,A71TP568fs
3902,NPR2,V960F
3903,POLR3C,V353VP164P
3904,AP4B1,V156GR512R
3905,PSME1,V150L
3906,NLRC5,S1409ID884NN1834fsG1005SL1238LV1659F
3907,GLI1,N632KS112SR637QT115I
3908,WDR1,N544S
3909,ANGPTL4,N177H
3910,MPO,L463L
3911,FBLN5,L325VG358R
3912,CCDC88A,L189PD1409G
3913,RARA,K380N
3914,RNF213,K2668NL4390HP5111LI2495LD4440NF2071LL2733LP3877T
3915,NRP2,H855HT340TW318*
3916,TAPBP,H267YA105VR292C
3917,ERN1,G50A
3918,BDKRB2,G388ER196QI361F
3919,NR6A1,E282*I62F
3920,OAS1,E175KV262L
3921,ZMIZ1,C763*
3922,ABHD2,C234S
3923,HR,A588AA295S
3924,KEL,A473S
3925,PHLDB1,612_613QR>HCS273C
3926,CDA,V75I
3927,NUP98,R538H
3928,DHX15,R450*
3929,CLCA2,P52T
3930,PRKAR2A,K358N
3931,EPHB3,I203fsP74HL739F
3932,RGS16,F94F
3933,XIAP,F462Y
3934,ITPA,A79S
3935,NPY4R,T126MW164*
3936,HLA-A,RGEPRF41fs
3937,NPHS1,R695WR828WG54W
3938,CD2AP,R504C
3939,SCN10A,R498WI1231TR817*S1622F
3940,LAMC1,P327RD835EK1594T
3941,IFNB1,N111K
3942,MMS22L,M945I
3943,DDX18,L568S
3944,PIK3CG,L379IS760R
3945,CENPF,L1300LT1281AN2529KK306K
3946,ARL8A,L114L
3947,SP110,K593*P174A
3948,PRPF31,I279IQ332fs
3949,CENPE,F2645SM2472IL1649L
3950,BRDT,F172V
3951,INPP4B,D674Y
3952,SRPK1,D468N
3953,MAPKAP1,D412GR81T
3954,CP,D103D
3955,OPRK1,C345R
3956,SLC4A1,A407S
3957,ANK1,R1457HP275TD11E
3958,TCF7L2,P281T
3959,IL18R1,E50KL506V
3960,SIRPA,V302I
3961,PEX1,V223V
3962,PCSK2,N362KR419WT340I
3963,NT5C3A,L192H
3964,NASP,K643R
3965,TRIM26,K225QR202Q
3966,PIK3CA,I800IE545KE176EH1047RH510H
3967,FBL,G47V
3968,CTTN,G311A
3969,IRAK1,E587KR94C
3970,COL5A1,D1657NT1583TP741P
3971,AXL,C24G
3972,SERPINA3,S415RS302P
3973,KRT4,R138RS486IE391*R49P
3974,ZBP1,I208TA129TT71TK148N
3975,KRT8,H296H
3976,CDH3,A662TD372DE413K
3977,IGF2R,A2124TF2246FR1949G
3978,RYR1,A1960SE3743GG1184WA3541TT3639MS2948WH4155QE5VE4691VR1974W
3979,CACNA1A,A1807AW596LK1158N
3980,LAMA2,V2529IG6VE1738KA2665VR1366LN1478N
3981,COL6A1,R783G
3982,GRB7,R524C
3983,PCDH1,R370CD745VG201SG840G
3984,PPBP,Q40KG48V
3985,HMGCR,P277A
3986,APLP1,L596HL603L
3987,SIDT1,I581IA134VL516L
3988,ITIH3,I323TL14F
3989,FSHB,H87HT24T
3990,NOTCH3,D584DV356AM1704RL1768LL1795M I1760M F1676F L1654L
3991,GRID2,D173YK38Q
3992,UQCRC1,T343TW74F
3993,SCUBE1,R884HQ576*
3994,NOL8,N414T
3995,ABCC1,K246TE949VR1046CL1043LL227LN898SG700A
3996,CYP26A1,G300A
3997,MEF2C,D432YP242P
3998,FABP3,D18VK15K
3999,MAPRE3,A179fsT8TI251I
4000,CALR,I225I
4001,ARHGEF9,D214NW192CG94WF158Y
4002,SLC2A2,V197I
4003,MKI67,T1655IL887LL2956VS2828L
4004,ELMOD3,S166R
4005,SCGN,R135QV108M
4006,CAT,Q53QR363C
4007,BATF2,Q102Q
4008,GRM8,P643T L555LI676MS219S
4009,STX3,N173D
4010,PARP14,L1372LT1075T
4011,MYH3,K568EG1621WL1615RV587M
4012,PRKDC,K2716RK2220fsS1233SA705TK3028E
4013,PPARD,H287YQ230*
4014,SYNCRIP,G528G
4015,GLIPR1,G161V
4016,HMOX1,D92D
4017,F8,S577YA2227PR1715*W87R
4018,LAMA1,E1543*Y1736YD691Y
4019,MTMR10,S3FR296Q
4020,IKBKB,D639N
4021,ACTN4,V287V
4022,MALL,T98S
4023,NCOA7,T705T
4024,MYLK,T690MW500*P62AH11RL761H
4025,NEDD4,S161Y
4026,TRIO,R400RN1671KD2176E
4027,CSAD,R379W
4028,COL9A1,R352CI212TMAASLKRPD777fsG481VF10I
4029,NOP56,Q215*R249R
4030,FEZ1,P17P
4031,CA12,N150T
4032,NTNG1,M87IY286*H429P
4033,MRPL11,L91P
4034,DDIT3,L25RR114RA115TR114R
4035,RRP9,K44N
4036,CPOX,G226V
4037,ABCB8,G129ER674S
4038,WNT7A,E171DN127NE199Q
4039,CLDN9,D76H
4040,PSMA4,D57A
4041,MAP4K3,D196NK32EQ473H
4042,BRCA2,C711*LSANIS2696fsR2394*S1882*K1638ET2607fsV1229fs
4043,PCLO,A4321TS770* Q568QQ3737HA2804VE1514EE2139*
4044,RTN1,T296NA577T
4045,VNN1,S486*R459GG477G
4046,PENK,R216GE258Q
4047,ME1,Q488K
4048,CNTN1,P892Q
4049,CDCP1,P716A
4050,COL17A1,L410LR51RG924CV307fs
4051,MELK,H514Y
4052,PELI1,G348DG348*
4053,SLC25A5,G158S
4054,LAMB3,E1065*
4055,CAPN9,D606V
4056,NCOA3,D359VK681KD566YP1198R
4057,THBS1,D170FV506LP315P
4058,HSD3B1,A349SP243T
4059,RABEP1,V830V
4060,TRIM21,V250LA437T
4061,CSF1,V135I
4062,ITIH5,T410RY475*K735NA532PP481L
4063,ANXA2,T31fs
4064,DNMBP,T246TR1154QH873NV17I
4065,MED24,S601F
4066,NT5E,S438S
4067,SPDEF,S229SK30NS3S
4068,IMMT,S150F
4069,BIRC2,S109S
4070,A2M,Q1051H D152D
4071,FGD6,P855HC256FE1390D
4072,DDB1,P721LE535Q
4073,TULP2,N474K
4074,GABARAPL2,N113D
4075,ALDH2,LG286fs
4076,SLC30A5,L423F
4077,HKDC1,I545VY587DT811RK144TVRFL440fs
4078,PABPC1,I454TT147M
4079,DYRK1A,I283V
4080,ZNF185,I215I
4081,TGFBR3,H94NS431SS767T
4082,ALB,H162HY24FA84D
4083,GHRL,G88V
4084,ESYT1,G79VE805EW615CK671K
4085,GART,G475RK807fsK807fs
4086,MAP3K7,G45VY93C
4087,ABCA9,F998LR431QL31F
4088,MTOR,E875KN1106K F1103YA41SA1105T
4089,CDH11,E646DP473R
4090,ECT2,E45D
4091,NOS1,E333DP853PP1220T
4092,PSMC3,D98HQ184*N207H
4093,IRF6,D225HE147G
4094,NFX1,C520Y
4095,CSF2RB,A85SV767LW514*
4096,ENTPD5,A131P
4097,FKBP5,V37V
4098,PLIN2,T396K
4099,NR1H4,T302MP69K
4100,GNB2,M101TM101V
4101,IL17RB,G43EV22I
4102,MAP1B,G286G
4103,CDON,S21CM655I
4104,HLA-E,R83RE354EW81C
4105,PCM1,Q433EP1860P
4106,SGCE,P157L
4107,SCN8A,L1495LV764IY617*T1888SR606QK486R
4108,SPTAN1,I2185VS955fsS43F
4109,FLT4,G571ST390K
4110,MMP2,A376AV400L
4111,ABCA5,W1221CS1308SH994N
4112,DLC1,R1294CK1357fsR520R
4113,SLC4A4,P901HH430LW825*
4114,HIRA,M423I
4115,TNFAIP3,K20QN776SC103G
4116,CHRNA1,I246IY258Y
4117,HSP90B1,G8R
4118,EFEMP1,G242RY163fsQ211HR345W
4119,TOMM40,G192G
4120,TMEM8B,D47N
4121,MYH9,D438EE286DQ980*
4122,RPTOR,A221fsD1058A
4123,SLC6A14,V359L
4124,PDCD4,S76S
4125,NOD1,L578PK746T
4126,COL4A1,K757NQ1051LP1367S
4127,MMP16,I567VR301*
4128,ATP8B1,G892GG1001WT456M
4129,NADSYN1,F550I
4130,AP2B1,V503IR904P
4131,MAPK12,V293V
4132,TUBA3C,T253TR422GV115AG436CT253T
4133,PAX6,R253RG176V
4134,CFTR,N386KS108Y
4135,ABCB7,L267SA48V
4136,SLC25A23,F156LF260L
4137,NUP205,A893VE374VT1176S
4138,SMAD1,W420C
4139,OSMR,T88SM949T
4140,PAOX,SP347fsE238KF208S
4141,ACTC1,S241G
4142,PAX3,R236HN125K
4143,ARPP21,Q751QP528L
4144,KIF4A,P71PP502PG1060D
4145,MAPK9,N90S
4146,ABCA3,I888TI703MH1069Y
4147,NCK2,I6F
4148,TIMELESS,H730RR831RL695LS63C
4149,LRP1,G4316VN2048KR1423CV4081VE1369KY574*A2633T
4150,MARK3,E120K
4151,CES1,A434GG142G
4152,CHRNA5,W103C
4153,NDRG1,V269MV17LQ6R
4154,USP15,V124LD682A
4155,GMPS,P359AQ626*
4156,DMD,P3553PD342NL3564IT637TQ1697HE611ED1224YG1774*E2867E
4157,GNPAT,L623VV510FL169fsR270S
4158,CYP7A1,L467F
4159,CYP4B1,L289L
4160,VEGFA,H112Y
4161,PLCB1,G703AQ1050KE539KY460C
4162,CHST2,F498LA391VA372AF51LA312TR526L
4163,FLNA,E567GF2578F
4164,VCAN,E2902QS727FV2601VS1909ST2243AE578KT2265TV2685I
4165,ARHGEF3,D326E
4166,PCNT,D232Y G322VQ2821*H855PR429R
4167,ARHGEF7,A614TM680R
4168,RPS6KA1,A566A
4169,HMGCS2,W179*F420F
4170,XPOT,V775VC268S
4171,SF3A1,V711LK102*G478V
4172,SELE,T514SC394FN160SV84V
4173,ASL,T400T
4174,GAA,S918YY256*
4175,SLC29A2,S443Y
4176,PDE4DIP,S1389SI1146fsR25RG1882AV792LV667L
4177,NFASC,R827CL1019FN363Y
4178,DPP4,R310GA306TR691I
4179,FCGR1A,Q246PY245H
4180,TUBGCP6,N1112NY1435YR724T
4181,HK1,L83V
4182,WNT6,L130MR356C
4183,PMPCA,K269NP174L
4184,SLC2A3,G109V
4185,FETUB,F82L
4186,COL6A2,E695QR933C
4187,CUL3,D92H
4188,MYBPC3,D1149NK812QS1231N
4189,UNC13B,A926SH281YV1514M
4190,ITIH1,A79AF146VT685T
4191,ERBB3,V438ID1194EL49L
4192,HIPK2,T772IV85IS604S
4193,ACKR1,STRSS122fs
4194,MOV10,S224SS631LT37SQ407H
4195,HAO1,R4WE334K
4196,NOTCH4,Q975HQ1809KV344VR132C
4197,PEX16,P228LL135L
4198,BRCA1,N1265fsLT1676fsE116*G1710fsL431*G813fsK520fsS1217fsC47W
4199,LATS1,K662KR1020TA748TL78fsP506R
4200,SLC38A1,K306E
4201,EPHB2,G986GA142A
4202,ANGPT1,C86fs
4203,INHA,C291S
4204,LCT,V716LG910VS20*V971LE490DS1387F
4205,ABCA4,V552LS281LA781DT1497S
4206,ARHGAP5,V474IV224L
4207,C3,T877NT1341N
4208,TCP11,T488PV332FP310PG396C
4209,LAS1L,T395TS468SE556GC256G
4210,ARFGEF1,Q591QE294DI1572VV1305I
4211,ENPP2,P788TL192Q
4212,TRAIP,P47A
4213,NRXN2,P1329PY300YD1081NG702GT1508fs
4214,PPFIA4,M974IR304PV911IW1032R
4215,ZNF292,M2706IL1567FP1264LV557V
4216,SAMD9L,L1310LR589*E1358*V553fs
4217,PIK3CB,I512M
4218,CADM1,I247NV383L
4219,SLC6A6,E569Q
4220,FLNB,E1305DE1144ET1065P
4221,GAB2,D520NS503RT331NH277Y
4222,TYR,D317A
4223,RELN,D1479EV3365ID3348EA1276TT2321TR3452K
4224,TACR3,S446SK368N
4225,PYGM,R816GR490W
4226,PLOD2,R54Q
4227,IL1RL2,R540WA187T
4228,SPTB,R426SV478LL728VA586AA723V
4229,KNTC1,Q448HIN1782fsS66*IR741fsV515VI736II1692IW539L
4230,PLEC,Q2921EP3956SR3439M
4231,THEG,P375P
4232,RNF123,L990Q
4233,SRXN1,L65L
4234,F5,L523IY2149CI2196F
4235,UBC,L208VD52NGIPPDQQRL111fs
4236,COL3A1,G243EK1407RA1203TG294E
4237,CMTR1,F158FE370D
4238,KIF5A,A261VT938S
4239,RAD50,A1248GE431D
4240,HGF,W329*G520*
4241,EPOR,T466I
4242,CCNF,S526NF326S
4243,ICAM2,Q72*
4244,ITGAL,L510P
4245,PLXNB1,I886VK1523NL1983L
4246,SYNE1,H6693RK6901E E4708DG5491GS3103IK920NT6205KS6639F N4127YE3409*
4247,MYBBP1A,G1226G
4248,NNT,E725DD919VA735T
4249,SMS,D167DI181F
4250,TOR1AIP2,A138A
4251,FGA,V541DL699QP565H
4252,IGSF3,V1036MR21WD1021E T688AR1054P
4253,PAPSS2,T425S
4254,ACADSB,T155RV268I
4255,EPB41,S792PW704S
4256,FBN1,S2613SE1772KC313S
4257,PRSS36,R314RD115HW357*
4258,SEC14L1,R105PV530I
4259,OMD,Q374EP232HI7M
4260,EIF4G3,Q1166E
4261,PTPRD,P974SR1798QD1162N
4262,RICTOR,P450SV969VS1373F
4263,AHNAK,P3575SK4253RM1067VS5125CP2656LI2702MV431ML5588VI5712TM4509L
4264,DGKA,N601TA314AE700D
4265,CS,N400S
4266,GYS1,L349LN350TA215A
4267,GALNT1,L25LV400I
4268,ADD2,L191LR420*
4269,TACC3,K692RA148VDP393fsFKRFEKQ726fs
4270,SOCS2,I72N
4271,SLIT1,I495FP701AN1026I
4272,VLDLR,I451ID145A
4273,PFN2,G104R
4274,TGIF2,F180F
4275,DMP1,D112D
4276,YWHAG,C97SR57C
4277,CRTAM,C177*G189V
4278,CPT1A,A478SR339*
4279,CNTFR,A299TR167RG85AL249L
4280,CLDN7,V113V
4281,STAG1,V1075LR51Q
4282,ALMS1,V1075IK1216KC2276SA2623A
4283,C5AR1,T29IL323F
4284,FBXO7,T217I
4285,SPEG,T159MS710Y
4286,G6PD,S180FR393L
4287,BIRC3,S123ST536RS248C
4288,MYH1,S1096GH584LK386RR1638CD754VE1494EA1910AQ1742K
4289,PDGFRB,R849GL12VY343S
4290,PAK3,R49LS524PQ132*W354C
4291,SPRY4,R30L
4292,SAMD9,R1040LA651SR759TQ719P
4293,COL6A3,Q1479HP1007PL2649VV1728LV1234VQ1939EQ788HG2190RV940GD2676EG114*
4294,BHLHE40,P324AT302P
4295,FAP,P245LT741K
4296,DDX21,P192T
4297,DNM1L,M439I
4298,MAML2,L1148FQ607QS668YM514V
4299,MPP1,K281N
4300,ATF6,I471TG6RL470V
4301,IL6ST,I253I
4302,FRK,I121VR484CS145R
4303,PLA2G4A,H442Q
4304,COL15A1,G434GR1266MS37FL1218LG342SK920Q
4305,ACADM,G195R
4306,HDAC3,G176R
4307,F2RL2,F6V
4308,ENO1,F178FN333N
4309,EZH1,E721KK322RE722V
4310,MAGEE1,E720Q
4311,RNASEL,E676GD687NQ43fsT222S
4312,SORBS1,E565DS1024SG1142A
4313,MYB,E514Q
4314,DST,E3190KH1734NI434TI5935VK5065E K3595K R1015HT2134TK7249*Q2278KE5464QA4592fs
4315,NXT1,E18K
4316,LGALS3BP,D262Y
4317,TOP1,A96SG583G
4318,CIT,A665AG1412SP1871P
4319,PKHD1,A2521S R1804HA134VR1081RN3904SP875AR1390RY3631YD1424HL4044VV712L
4320,UGCG,A242A
4321,SCN9A,T465SN365KS1110SY1248YT1354KN1120Y
4322,SLC28A2,S64NA359VK125NV284A
4323,GLS,S586C
4324,CLGN,S579FP182R
4325,CHUK,S263SK237Q
4326,CLU,R198WP234L
4327,SEC11A,R178H
4328,SMC2,Q795QR58RV1072DK815NK439K
4329,MEST,Q123*L157F
4330,DIAPH3,P940S
4331,AKAP7,P291P
4332,SOS1,L1231VS1318SP1183R
4333,PC,E728EV42V
4334,CLP1,V65V
4335,GRB2,V185VE130DF9L
4336,COPB1,T468T
4337,PKIA,T17T
4338,PPOX,T145IN476N
4339,LAMA4,S971SLSSAWR3fsQ338*H1458H
4340,LAMA3,S163SR1579QR200QC1465YI788LS2834IS2220RP1093P
4341,XPO7,R812CV1024L
4342,KALRN,N1524DP801AR313WA1103AR817RQ753*
4343,APC,L852SQ1429RR1882SE1286GE1284EV1776VG1120E S2005*L409V
4344,TGM2,L567LN177NQ69P
4345,ITPR2,I405VI14MT2334PL1189IT2444S
4346,MTCH2,G81G
4347,RRAD,F281LR255S
4348,TRAF1,F265VV289IC38YF296fs
4349,KLK7,C211*D204N
4350,ITGA10,V654LR521H
4351,COL5A3,T1730TG1190VA846VG518E
4352,RB1,RCEHRI552fsR763TQ702KLRIPGG797fsR320*R787*R621PA264V
4353,TPRKB,R30R
4354,TENM2,R1856GE1334QN1507NN2291KN2648fsT532TW896CS1751Y
4355,ADCY9,R1310SC583FV157LM1197VC451S
4356,KLKB1,Q103KR56KT520T
4357,KCNH1,N941NL516PP733P
4358,LYAR,N7S
4359,CYP4A11,N427KS190SV185FL131F
4360,NF1,LIILDTL84fsE2214*K1444EMTPWLSN1949fsG1863AL550PQ112*L611FVF1777fsL194P
4361,RAB3GAP1,L963LP782fs
4362,ACACA,L2175L
4363,KCNJ8,L132P
4364,QDPR,K79N
4365,EHD1,I243FQ140fs
4366,ANLN,E994QR935Q
4367,RYR2,E4906VF67FL730PK1745TI4094IV3045EA1798SN4399SA2936GE2338QK3471NA2498VG4711G
4368,WDR43,D543H
4369,TKTL1,D315NKLIES246fsG377AS43N
4370,EIF2AK2,A2GV428I
4371,CAD,T1176MR1340WR970QV760L
4372,DSC3,S735L
4373,TLR7,I240T
4374,ABCA1,E1253KA465VW685*M433L
4375,TP53,D259YV274DC124fsI195TT118fsY220CV216MR342*V272MS127FI195TG245RR249GG245SP151SR306*R273H R248QY220CC135YR273HH179RR175HR273LE204*L330fsP177RR273CC275YK132MR342*T284fsR306*R248WKM132fsY163CR282WL257QS261fsM237KR273HG245VT140fsA276PY220CV216ME51fsQ144*R248QE271*R175HG105CR333fsL145QI195TH179RR273HK321*P153fsC238YH193YF109fsG279EH193RM237IC176FPP222fsY234CR337CR273PR248QLM43fsR248QY163HR196*R273CR248WH214RTCP140fsG244DI195TI195TR273HP250LL130fsG244CPSQKTYQGSYGF98fsL265PL344fsP278HR282WR273HC229fsS241FV157FC238FI195FC176YG262VRN209fsK132ER273LY234CR273CV157FG266RK132NS215RC277FE51*Y236CC275YL145RR196*S215RY220CR282WR248QG244CI195TS241FV173L T155AI195NP47fsD228fsR248WD259YV157FN239SR175HH179RR248GR273HPAPA85fsF270LF134VR175HG245CH179QR273CP250LI195TY220CA159VE294*Q192*G245SG245SI232NK164EH193RR248WQ100*V274GR65*R248Q R273CR342*R196*L137LD208VY220CR273CL194RY236CG105RR248QS241FQLWVDSTPPPG144fsR248fsR248QC124fsY234NP278RR306*R248WE198*L194RR156PY205CQ136*C135RY220CS241YR213*V157FS241FW53*R282WE286KH179RR273C
4376,ID,TRAIN_0015TRAIN_0064TRAIN_0068TRAIN_0084TRAIN_0124TRAIN_0158TRAIN_0185TRAIN_0195TRAIN_0212TRAIN_0236TRAIN_0246TRAIN_0284TRAIN_0317TRAIN_0321TRAIN_0332TRAIN_0334TRAIN_0383TRAIN_0437TRAIN_0440TRAIN_0445TRAIN_0446TRAIN_0468TRAIN_0477TRAIN_0480TRAIN_0482TRAIN_0606TRAIN_0609TRAIN_0627TRAIN_0637TRAIN_0715TRAIN_0725TRAIN_0748TRAIN_0768TRAIN_0789TRAIN_0793TRAIN_0834TRAIN_0866TRAIN_0896TRAIN_0903TRAIN_0920TRAIN_0943TRAIN_0979TRAIN_0991TRAIN_1009TRAIN_1036TRAIN_1055TRAIN_1079TRAIN_1102TRAIN_1104TRAIN_1133TRAIN_1149TRAIN_1161TRAIN_1165TRAIN_1166TRAIN_1188TRAIN_1225TRAIN_1244TRAIN_1247TRAIN_1250TRAIN_1283TRAIN_1285TRAIN_1298TRAIN_1316TRAIN_1327TRAIN_1348TRAIN_1372TRAIN_1382TRAIN_1397TRAIN_1401TRAIN_1409TRAIN_1436TRAIN_1465TRAIN_1504TRAIN_1517TRAIN_1520TRAIN_1523TRAIN_1525TRAIN_1579TRAIN_1615TRAIN_1617TRAIN_1632TRAIN_1656TRAIN_1662TRAIN_1736TRAIN_1746TRAIN_1757TRAIN_1763TRAIN_1781TRAIN_1785TRAIN_1788TRAIN_1806TRAIN_1807TRAIN_1843TRAIN_1846TRAIN_1891TRAIN_1926TRAIN_1952TRAIN_1955TRAIN_1957TRAIN_1963TRAIN_1992TRAIN_2014TRAIN_2044TRAIN_2046TRAIN_2050TRAIN_2051TRAIN_2053TRAIN_2061TRAIN_2089TRAIN_2107TRAIN_2151TRAIN_2155TRAIN_2173TRAIN_2218TRAIN_2233TRAIN_2255TRAIN_2266TRAIN_2283TRAIN_2390TRAIN_2391TRAIN_2424TRAIN_2425TRAIN_2479TRAIN_2499TRAIN_2507TRAIN_2587TRAIN_2606TRAIN_2627TRAIN_2640TRAIN_2672TRAIN_2676TRAIN_2766TRAIN_2784TRAIN_2788TRAIN_2842TRAIN_2890TRAIN_2906TRAIN_2975TRAIN_3032TRAIN_3135TRAIN_3220TRAIN_3223TRAIN_3276TRAIN_3286TRAIN_3397TRAIN_3413TRAIN_3418TRAIN_3420TRAIN_3430TRAIN_3435TRAIN_3447TRAIN_3484TRAIN_3486TRAIN_3612TRAIN_3617TRAIN_3652TRAIN_3657TRAIN_3659TRAIN_3662TRAIN_3682TRAIN_3703TRAIN_3713TRAIN_3722TRAIN_3732TRAIN_3787TRAIN_3857TRAIN_3910TRAIN_3911TRAIN_3913TRAIN_3924TRAIN_3940TRAIN_3945TRAIN_3989TRAIN_3990TRAIN_4001TRAIN_4018TRAIN_4080TRAIN_4087TRAIN_4151TRAIN_4154TRAIN_4157TRAIN_4185TRAIN_4219TRAIN_4226TRAIN_4289TRAIN_4325TRAIN_4334TRAIN_4359TRAIN_4372TRAIN_4374TRAIN_4405TRAIN_4406TRAIN_4427TRAIN_4428TRAIN_4459TRAIN_4488TRAIN_4491TRAIN_4498TRAIN_4516TRAIN_4561TRAIN_4619TRAIN_4636TRAIN_4640TRAIN_4641TRAIN_4682TRAIN_4684TRAIN_4688TRAIN_4693TRAIN_4706TRAIN_4733TRAIN_4772TRAIN_4861TRAIN_4877TRAIN_4934TRAIN_4942TRAIN_4986TRAIN_4997TRAIN_4998TRAIN_5018TRAIN_5028TRAIN_5030TRAIN_5127TRAIN_5204TRAIN_5262TRAIN_5264TRAIN_5285TRAIN_5335TRAIN_5430TRAIN_5444TRAIN_5458TRAIN_5462TRAIN_5485TRAIN_5569TRAIN_5586TRAIN_5595TRAIN_5637TRAIN_5710TRAIN_5719TRAIN_5738TRAIN_5765TRAIN_5811TRAIN_5820TRAIN_5822TRAIN_5856TRAIN_5874TRAIN_5916TRAIN_5961TRAIN_6034TRAIN_6077TRAIN_6098TRAIN_6129TRAIN_6139TRAIN_6191
4377,MCM4,R428HD511N
4378,SUBCLASS,OVOVOVOVOVOVOVOVOVOVOVOVOVOVOVOVOVOVOVOVOVOVOVOVOVOVOVOVOVOVOVOVOVOVOVOVOVOVOVOVOVOVOVOVOVOVOVOVOVOVOVOVOVOVOVOVOVOVOVOVOVOVOVOVOVOVOVOVOVOVOVOVOVOVOVOVOVOVOVOVOVOVOVOVOVOVOVOVOVOVOVOVOVOVOVOVOVOVOVOVOVOVOVOVOVOVOVOVOVOVOVOVOVOVOVOVOVOVOVOVOVOVOVOVOVOVOVOVOVOVOVOVOVOVOVOVOVOVOVOVOVOVOVOVOVOVOVOVOVOVOVOVOVOVOVOVOVOVOVOVOVOVOVOVOVOVOVOVOVOVOVOVOVOVOVOVOVOVOVOVOVOVOVOVOVOVOVOVOVOVOVOVOVOVOVOVOVOVOVOVOVOVOVOVOVOVOVOVOVOVOVOVOVOVOVOVOVOVOVOVOVOVOVOVOVOVOVOVOVOVOVOVOVOVOVOVOVOVOVOVOVOVOVOVOVOVOVOVOVOVOVOVOV
4379,PNPLA8,L313V
4380,MYH10,K947fsE1388GV796I
4381,INHBA,I411fsV420M
4382,GSN,F756S
4383,KLF6,E76E
4384,EGFR,D837VG331GQ1164RL65LS380fsP772RK716RF359FA1201AA839V
4385,COPS5,A42A
