,index
0,ART3
1,LBR
2,PEX14
3,PEX5
4,PEX26
5,PEX2
6,PEX19
7,PEX16
8,PEX13
9,PER1
10,PEX12
11,PEX11G
12,PEX11B
13,PEX11A
14,PEX1
15,PES1
16,PEX6
17,PEX7
18,PF4
19,PFKFB1
20,PFKFB3
21,PFKL
22,PFKM
23,PFKP
24,PFN1
25,PFN2
26,PGAM1
27,PGAM2
28,PGD
29,PGF
30,PGK1
31,PGK2
32,PGLS
33,PERP
34,PENK
35,PGM1
36,PDIA5
37,PDLIM1
38,PDK4
39,PDK3
40,PDK2
41,PDK1
42,PDIA6
43,PDHX
44,PEMT
45,PDHB
46,PDHA2
47,PDHA1
48,PDGFRB
49,PDGFC
50,PDGFB
51,PDLIM3
52,PDLIM4
53,PDLIM5
54,PDLIM7
55,PDP1
56,PDPN
57,PDS5B
58,PDX1
59,PDZK1
60,PDZK1IP1
61,PEA15
62,PEBP1
63,PECAM1
64,PECR
65,PEF1
66,PEG3
67,PELI1
68,PGLYRP1
69,PGM2
70,NT5C
71,PKM
72,PIKFYVE
73,PIM1
74,PIM3
75,PIN1
76,PINK1
77,PIPOX
78,PITPNB
79,PITPNC1
80,PITX2
81,PKD1
82,PKD2
83,PKHD1
84,PKIA
85,PKLR
86,PKP1
87,PIK3R3
88,PKP2
89,PKP3
90,PLA2G12A
91,PLA2G2A
92,PLA2G4A
93,PLA2G7
94,PLAAT3
95,PLAC1
96,PLAC8
97,PLAG1
98,PLAGL1
99,PLAT
100,PLAU
101,PLAUR
102,PIK3R5
103,PIK3CG
104,PGM3
105,PHLDA2
106,PGR
107,PGRMC1
108,PGS1
109,PHB1
110,PHB2
111,PHEX
112,PHF3
113,PHF5A
114,PHF7
115,PHGDH
116,PHKA2
117,PHKG1
118,PHKG2
119,PHLDA1
120,PHLDA3
121,PIK3CD
122,PHLDB1
123,PHTF2
124,PHYH
125,PIAS1
126,PIAS2
127,PIAS3
128,PICALM
129,PICK1
130,PIDD1
131,PIF1
132,PIGQ
133,PIGR
134,PIK3CA
135,PIK3CB
136,PDGFA
137,PDE6G
138,PDE6B
139,OLFM1
140,OPHN1
141,OPA1
142,ONECUT1
143,OMD
144,OLR1
145,OLFML3
146,OGFR
147,PDE4DIP
148,OGDH
149,ODF2
150,ODF1
151,ODC1
152,OCRL
153,OCEL1
154,OPN3
155,OPRK1
156,OPTN
157,ORC2
158,ORC5
159,ORC6
160,ORM1
161,OSBP2
162,OSGIN1
163,OSM
164,OSMR
165,OSTC
166,OVOL2
167,OXA1L
168,OXSR1
169,OXT
170,OXTR
171,OAZ3
172,OAT
173,OASL
174,NUFIP1
175,NT5E
176,NTF3
177,NTHL1
178,NTM
179,NTNG1
180,NTRK3
181,NUB1
182,NUDT11
183,NUDT12
184,NUDT15
185,NUDT19
186,NUDT21
187,NUDT4
188,NUDT9
189,NUMA1
190,OAS3
191,NUMB
192,NUP107
193,NUP153
194,NUP205
195,NUP50
196,NUP58
197,NUP93
198,NUP98
199,NUPR1
200,NUSAP1
201,NXF1
202,NXT1
203,OAS1
204,OAS2
205,P2RX4
206,P2RX6
207,P2RX7
208,PCNT
209,PAXIP1
210,PBK
211,PBX2
212,PC
213,PCBD1
214,PCBP1
215,PCDH1
216,PCDH7
217,PCDHB1
218,PCGF5
219,PCK1
220,PCLO
221,PCM1
222,PCNA
223,PCOLCE
224,PAX4
225,PCOLCE2
226,PCP4
227,PCSK1
228,PCSK1N
229,PCSK2
230,PCSK4
231,PCSK9
232,PCYT2
233,PDAP1
234,PDCD1
235,PDCD1LG2
236,PDCD2L
237,PDCD4
238,PDE4B
239,PAX6
240,PAX3
241,P2RY1
242,PAK3
243,P2RY14
244,P2RY2
245,P2RY4
246,P3H1
247,P4HA1
248,P4HA2
249,PA2G4
250,PABPC1
251,PABPC4
252,PACRG
253,PAFAH1B1
254,PAICS
255,PAIP1
256,PAK1
257,PAK4
258,PARVA
259,PALLD
260,PALS1
261,PAM
262,PAN2
263,PANX1
264,PAOX
265,PAPOLB
266,PAPSS2
267,PARD6G
268,PARN
269,PARP12
270,PARP14
271,PARP2
272,PARP9
273,PLCB1
274,PLCB2
275,PLCB4
276,PSMB3
277,PSMC3IP
278,PSMC3
279,PSMC2
280,PSMB9
281,PSMB8
282,PSMB5
283,PSMB2
284,PRKCD
285,PSMB10
286,PSMA7
287,PSMA6
288,PSMA4
289,PSMA3
290,PSMA2
291,PSMC4
292,PSMC6
293,PSMD1
294,PSMD12
295,PSMD13
296,PSMD14
297,PSMD3
298,PSMD7
299,PSMD8
300,PSMD9
301,PSME1
302,PSME2
303,PSME3
304,PSMG1
305,PSPH
306,PTAFR
307,PTBP2
308,PSMA1
309,PSIP1
310,PSENEN
311,PROK2
312,PRKCG
313,PRKCH
314,PRKDC
315,PRKG2
316,PRKN
317,PRLR
318,PRM2
319,PRMT2
320,PRMT3
321,PRMT5
322,PRNP
323,PROC
324,PROCR
325,PRODH
326,PROP1
327,PSEN2
328,PROS1
329,PROZ
330,PRPF3
331,PRPF31
332,PRPF4B
333,PRPS1
334,PRPS2
335,PRRX1
336,PRSS2
337,PRSS23
338,PRSS3
339,PRSS36
340,PSAT1
341,PSEN1
342,PTCD2
343,PTCD3
344,PTCH1
345,QSOX1
346,PTX3
347,PURA
348,PUS1
349,PVALB
350,PVR
351,PVT1
352,PWP1
353,PXMP2
354,PXN
355,PYCR1
356,PYGB
357,PYGL
358,PYGM
359,QDPR
360,RAB14
361,PTTG1
362,RAB17
363,RAB1A
364,RAB22A
365,RAB27A
366,RAB2A
367,RAB31
368,RAB34
369,RAB3GAP1
370,RAB40C
371,RAB4A
372,RAB5A
373,RAB9A
374,RABEP1
375,RABEPK
376,PTTG3P
377,PTS
378,PTEN
379,PTK2B
380,PTGDS
381,PTGER2
382,PTGER3
383,PTGER4
384,PTGES
385,PTGES3
386,PTGFR
387,PTGIR
388,PTGIS
389,PTGR1
390,PTGS2
391,PTH1R
392,PTHLH
393,PTK2
394,PTP4A3
395,PTRH2
396,PTPA
397,PTPN1
398,PTPN11
399,PTPN14
400,PTPN2
401,PTPN21
402,PTPN6
403,PTPRC
404,PTPRD
405,PTPRE
406,PTPRG
407,PTPRJ
408,PTPRM
409,PTPRR
410,PRKCE
411,PRKCB
412,PLCG1
413,POLD2
414,POLG2
415,POLE4
416,POLE3
417,POLE
418,POLD4
419,POLD3
420,POLD1
421,PRKCA
422,POLB
423,POLA2
424,POLA1
425,PODXL
426,PNRC1
427,PNPT1
428,POLH
429,POLL
430,POLQ
431,POLR1C
432,POLR1D
433,POLR1H
434,POLR2A
435,POLR2C
436,POLR2D
437,POLR2E
438,POLR2F
439,POLR2G
440,POLR2H
441,POLR2I
442,POLR2J
443,POLR2K
444,POLR3C
445,PNP
446,PNO1
447,PNN
448,PLPP1
449,PLCL1
450,PLEC
451,PLEK
452,PLEK2
453,PLEKHG2
454,PLG
455,PLIN2
456,PLK1
457,PLK2
458,PLK3
459,PLK4
460,PLOD1
461,PLOD2
462,PLOD3
463,PLPP3
464,PNMT
465,PLPPR4
466,PLSCR1
467,PLVAP
468,PLXNB1
469,PLXNB2
470,PMAIP1
471,PMEPA1
472,PML
473,PMM1
474,PMM2
475,PMP22
476,PMPCA
477,PMS2
478,PMVK
479,POLR3G
480,POLR3GL
481,POLR3K
482,PRDX5
483,PPP4C
484,PPP4R2
485,PPRC1
486,PPT1
487,PRAF2
488,PRC1
489,PRCP
490,PRDM1
491,PRDM2
492,PRDM4
493,PRDX1
494,PRDX2
495,PRDX3
496,PRDX4
497,PRDX6
498,PPP2R5B
499,PREB
500,PRELID3B
501,PREP
502,PREX1
503,PRF1
504,PRG2
505,PRIM1
506,PRIM2
507,PRKAA2
508,PRKAB1
509,PRKACA
510,PRKAG1
511,PRKAR2A
512,PRKAR2B
513,PPP3R1
514,PPP2R2C
515,POM121
516,PPFIA4
517,POMC
518,POP4
519,POP7
520,POR
521,POSTN
522,POU2F1
523,PPA1
524,PPAN
525,PPARA
526,PPARD
527,PPARG
528,PPARGC1A
529,PPAT
530,PPBP
531,PPIA
532,PPP2R1B
533,PPIB
534,PPIF
535,PPM1A
536,PPM1B
537,PPM1D
538,PPM1G
539,PPOX
540,PPP1CA
541,PPP1R15A
542,PPP1R15B
543,PPP1R2
544,PPP1R3C
545,PPP1R8
546,PPP2CB
547,NT5C3A
548,NSDHL
549,RABGAP1L
550,MELK
551,METAP1
552,MET
553,MEST
554,MERTK
555,MEP1B
556,MEP1A
557,MEIS2
558,MARCHF1
559,MEIS1
560,MEFV
561,MEF2D
562,MEF2C
563,MEF2A
564,MED24
565,METTL3
566,METTL7B
567,MFAP5
568,MFHAS1
569,MFN2
570,MFSD6
571,MGAT1
572,MGLL
573,MGMT
574,MGP
575,MGST1
576,MGST3
577,MICB
578,MID1
579,MID1IP1
580,MIF
581,MIGA2
582,MED13L
583,ME2
584,ME1
585,MBL2
586,MARCHF6
587,MARCHF8
588,MARCKS
589,MARCO
590,MARK2
591,MARK3
592,MARK4
593,MASP2
594,MAST2
595,MAST3
596,MAST4
597,MATN2
598,MATN3
599,MB
600,MBOAT2
601,MDM2
602,MBP
603,MCCC1
604,MCCC2
605,MCEE
606,MCL1
607,MCM2
608,MCM3
609,MCM5
610,MCM6
611,MCM7
612,MDGA1
613,MDH1
614,MDH2
615,MDK
616,MINDY1
617,MINPP1
618,MIOS
619,MRPL15
620,MPG
621,MPHOSPH10
622,MPI
623,MPO
624,MPP1
625,MPP2
626,MPPED2
627,MPZL1
628,MPZL2
629,MRAP
630,MRAS
631,MRE11
632,MREG
633,MRPL11
634,MRPL23
635,MPC1
636,MRPL3
637,MRPL34
638,MRPL35
639,MRPL40
640,MRPL9
641,MRPS11
642,MRPS12
643,MRPS15
644,MRPS18B
645,MRPS22
646,MRPS30
647,MRPS31
648,MRTO4
649,MSC
650,MPC2
651,MOV10
652,MIOX
653,MMP11
654,MIX23
655,MKI67
656,MKNK1
657,MKNK2
658,MKRN1
659,MLF1
660,MLH1
661,MLLT10
662,MLLT11
663,MLPH
664,MLYCD
665,MMD
666,MMP1
667,MMP10
668,MMP12
669,MOSPD1
670,MMP13
671,MMP14
672,MMP15
673,MMP16
674,MMP2
675,MMP3
676,MMP7
677,MMP8
678,MMP9
679,MMS22L
680,MNAT1
681,MOCOS
682,MOCS2
683,MON2
684,MARCHF2
685,MAPT
686,MSH5
687,LONP2
688,LPCAT3
689,LPAR6
690,LPAR1
691,LOXL2
692,LOXL1
693,LOX
694,LONP1
695,MAPRE3
696,LMO2
697,LMNB1
698,LMNA
699,LMAN1
700,LLGL2
701,LLGL1
702,LPIN1
703,LPIN2
704,LPL
705,LRIG1
706,LRP1
707,LRP10
708,LRPAP1
709,LRPPRC
710,LRRC15
711,LRRC8C
712,LSM1
713,LSM2
714,LSM4
715,LSM7
716,LSP1
717,LSR
718,LSS
719,LITAF
720,LIPE
721,LIPA
722,LEFTY2
723,LCK
724,LCLAT1
725,LCP1
726,LCP2
727,LCT
728,LDB1
729,LDB3
730,LDHA
731,LDHB
732,LDHC
733,LDLR
734,LDLRAP1
735,LEAP2
736,LEF1
737,LEP
738,LIMA1
739,LEPR
740,LFNG
741,LGALS1
742,LGALS3
743,LGALS3BP
744,LGALS7
745,LGMN
746,LHPP
747,LHX2
748,LHX9
749,LIF
750,LIFR
751,LIG1
752,LIG3
753,LTA
754,LTA4H
755,LTB
756,MAP4K3
757,MAOB
758,MAP1B
759,MAP1S
760,MAP2K3
761,MAP2K5
762,MAP2K6
763,MAP3K1
764,MAP3K11
765,MAP3K20
766,MAP3K6
767,MAP3K7
768,MAP3K8
769,MAP4K1
770,MAP4K2
771,MAP6
772,MAN1A1
773,MAP7
774,MAPK1
775,MAPK10
776,MAPK11
777,MAPK12
778,MAPK13
779,MAPK14
780,MAPK8
781,MAPK8IP2
782,MAPK9
783,MAPKAP1
784,MAPKAPK2
785,MAPKAPK3
786,MAPRE1
787,MAOA
788,MAML2
789,LTBP1
790,LYSMD2
791,LTBP2
792,LTBR
793,LTC4S
794,LTF
795,LUC7L3
796,LUM
797,LXN
798,LY6E
799,LY75
800,LY86
801,LY96
802,LYAR
803,LYN
804,LYPD3
805,M6PR
806,MAML1
807,MACROH2A2
808,MAD2L1
809,MADCAM1
810,MADD
811,MAF
812,MAFB
813,MAFF
814,MAGEE1
815,MAGI2
816,MAGIX
817,MAK
818,MAL
819,MAL2
820,MALL
821,MSH2
822,MSMB
823,NSD2
824,NFKB1
825,NFS1
826,NFKBIZ
827,NFKBIE
828,NFKBIB
829,NFKBIA
830,NFKB2
831,NFIL3
832,NDUFB5
833,NFIB
834,NFE2L2
835,NFE2L1
836,NFE2
837,NFAT5
838,NFASC
839,NFX1
840,NFYA
841,NFYB
842,NFYC
843,NGB
844,NGF
845,NGLY1
846,NHERF1
847,NHERF4
848,NHLH2
849,NHP2
850,NIBAN1
851,NID2
852,NIN
853,NINJ1
854,NIP7
855,NIPBL
856,NF2
857,NF1
858,NEXN
859,NECTIN1
860,NDUFB7
861,NDUFB8
862,NDUFC1
863,NDUFC2
864,NDUFS1
865,NDUFS2
866,NDUFS3
867,NDUFS4
868,NDUFS6
869,NDUFS7
870,NDUFS8
871,NDUFV1
872,NDUFV2
873,NDUFV3
874,NECTIN2
875,NEUROG3
876,NECTIN3
877,NECTIN4
878,NEDD4
879,NEDD4L
880,NEDD9
881,NEFH
882,NEGR1
883,NEK2
884,NEK7
885,NELFB
886,NELFCD
887,NELFE
888,NET1
889,NEUROD1
890,NKD1
891,NKIRAS1
892,NKX2-2
893,NR1H4
894,NPFFR2
895,NPHP1
896,NPHS1
897,NPM1
898,NPR2
899,NPTX2
900,NPTXR
901,NPY1R
902,NPY4R
903,NPY5R
904,NQO1
905,NQO2
906,NR0B2
907,NR1D2
908,NR1I2
909,NOTCH4
910,NR3C1
911,NR3C2
912,NR4A1
913,NR4A2
914,NR4A3
915,NR6A1
916,NRAP
917,NRCAM
918,NRIP1
919,NRIP2
920,NRP1
921,NRP2
922,NRTN
923,NRXN2
924,NPC1
925,NOTCH3
926,NKX2-5
927,NNT
928,NKX3-1
929,NKX6-1
930,NLGN2
931,NLGN3
932,NLRC5
933,NLRP3
934,NME1
935,NME3
936,NME4
937,NMI
938,NMT1
939,NMU
940,NMUR1
941,NNMT
942,NOC4L
943,NOTCH2
944,NOCT
945,NOD1
946,NOD2
947,NOG
948,NOL3
949,NOL8
950,NOLC1
951,NOP14
952,NOP16
953,NOP2
954,NOP56
955,NOS1
956,NOS2
957,NOTCH1
958,NDUFB6
959,NDUFB4
960,MSN
961,MYBPC3
962,MYH1
963,MYF6
964,MYD88
965,MYCN
966,MYC
967,MYBPH
968,MYBL2
969,NDUFB3
970,MYBL1
971,MYBBP1A
972,MYB
973,MXRA5
974,MXI1
975,MXD4
976,MYH11
977,MYH2
978,MYH3
979,MYH4
980,MYH7
981,MYH8
982,MYH9
983,MYL1
984,MYL11
985,MYL12A
986,MYL12B
987,MYL2
988,MYL3
989,MYL4
990,MYL6B
991,MYL7
992,MYL9
993,MXD3
994,MXD1
995,MX2
996,MTHFD2
997,MSR1
998,MSRA
999,MSRB1
1000,MSRB2
1001,MST1
1002,MSX1
1003,MT1E
1004,MT2A
1005,MT3
1006,MTA1
1007,MTARC2
1008,MTCH2
1009,MTF2
1010,MTHFD1
1011,MTHFD2L
1012,MX1
1013,MTHFR
1014,MTIF2
1015,MTMR10
1016,MTNR1A
1017,MTOR
1018,MTREX
1019,MTRF1
1020,MTRR
1021,MTX2
1022,MUC1
1023,MVB12A
1024,MVD
1025,MVK
1026,MVP
1027,MYLK
1028,MYO15A
1029,MYO1C
1030,NDST1
1031,NCK2
1032,NCL
1033,NCOA3
1034,NCOA4
1035,NCOA6
1036,NCOA7
1037,NCOR2
1038,NCR1
1039,NCS1
1040,NCSTN
1041,NDC80
1042,NDP
1043,NDRG1
1044,NDRG2
1045,NDST2
1046,NCF4
1047,NDST3
1048,NDUFA1
1049,NDUFA2
1050,NDUFA3
1051,NDUFA4
1052,NDUFA5
1053,NDUFA6
1054,NDUFA7
1055,NDUFA8
1056,NDUFA9
1057,NDUFAB1
1058,NDUFAF4
1059,NDUFB1
1060,NDUFB2
1061,NCK1
1062,NCBP2
1063,MYO1E
1064,NANP
1065,MYO9B
1066,MYOF
1067,MYOG
1068,MYOM1
1069,MYOM2
1070,MYOT
1071,MYOZ1
1072,NAA11
1073,NAA38
1074,NAB2
1075,NABP1
1076,NADSYN1
1077,NAGK
1078,NAMPT
1079,NAP1L1
1080,NCBP1
1081,NAP1L2
1082,NAPA
1083,NAPG
1084,NARF
1085,NASP
1086,NAT1
1087,NAV2
1088,NBL1
1089,NBN
1090,NCAM1
1091,NCAN
1092,NCAPD2
1093,NCAPH
1094,NCAPH2
1095,RABGAP1
1096,RABIF
1097,LAYN
1098,TIMP2
1099,TK1
1100,TJP3
1101,TJP1
1102,TIPIN
1103,TIPARP
1104,TIMP3
1105,TIMP1
1106,TFDP1
1107,TIMM9
1108,TIMM8B
1109,TIMM50
1110,TIMM17A
1111,TIMM13
1112,TIMM10
1113,TK2
1114,TKFC
1115,TKT
1116,TKTL1
1117,TLE1
1118,TLE3
1119,TLE4
1120,TLK1
1121,TLR1
1122,TLR2
1123,TLR3
1124,TLR6
1125,TLR7
1126,TLR8
1127,TLX1
1128,TM4SF1
1129,TM7SF2
1130,TIMELESS
1131,TIAM1
1132,TIAL1
1133,TGFBR3
1134,TFF1
1135,TFF2
1136,TFF3
1137,TFPI
1138,TFPI2
1139,TFRC
1140,TG
1141,TGFA
1142,TGFB1
1143,TGFB2
1144,TGFB3
1145,TGFBI
1146,TGFBR1
1147,TGFBR2
1148,TGFBRAP1
1149,THY1
1150,TGIF1
1151,TGIF2
1152,TGM1
1153,TGM2
1154,TH
1155,THBD
1156,THBS1
1157,THBS2
1158,THBS3
1159,THEG
1160,THEM4
1161,THNSL2
1162,THRB
1163,THSD4
1164,TM7SF3
1165,TMBIM6
1166,TMCC2
1167,TNPO2
1168,TNFSF15
1169,TNFSF9
1170,TNIP1
1171,TNIP2
1172,TNNC1
1173,TNNC2
1174,TNNI1
1175,TNNI2
1176,TNNI3
1177,TNNT1
1178,TNNT2
1179,TNNT3
1180,TNP1
1181,TNP2
1182,TNRC6B
1183,TNFSF10
1184,TNS1
1185,TOB1
1186,TOGARAM1
1187,TOM1L1
1188,TOMM22
1189,TOMM40
1190,TOMM70
1191,TOP1
1192,TOP2A
1193,TOPBP1
1194,TOR1AIP2
1195,TOR1B
1196,TP53
1197,TP53INP1
1198,TNFSF11
1199,TNFRSF9
1200,TMED10
1201,TMPRSS3
1202,TMED2
1203,TMEM100
1204,TMEM140
1205,TMEM158
1206,TMEM164
1207,TMEM176A
1208,TMEM176B
1209,TMEM45A
1210,TMEM50A
1211,TMEM8B
1212,TMEM97
1213,TMEM9B
1214,TMPO
1215,TMPRSS2
1216,TMPRSS6
1217,TNFRSF8
1218,TMX1
1219,TNC
1220,TNF
1221,TNFAIP2
1222,TNFAIP3
1223,TNFAIP6
1224,TNFAIP8
1225,TNFRSF11B
1226,TNFRSF12A
1227,TNFRSF18
1228,TNFRSF1A
1229,TNFRSF1B
1230,TNFRSF21
1231,TNFRSF4
1232,TFDP2
1233,TFCP2L1
1234,TP63
1235,STX12
1236,STXBP1
1237,STX7
1238,STX5
1239,STX4
1240,STX3
1241,STX16
1242,STS
1243,TFB2M
1244,STRN
1245,STRBP
1246,STOM
1247,STMN1
1248,STK39
1249,STK38L
1250,SUCLA2
1251,SUCLG1
1252,SUCLG2
1253,SULF2
1254,SULT1A1
1255,SULT1B1
1256,SULT2B1
1257,SUN2
1258,SUPT4H1
1259,SUPT5H
1260,SUPV3L1
1261,SURF1
1262,SUV39H1
1263,SVIL
1264,SWAP70
1265,SYBU
1266,SYCP1
1267,STK25
1268,STIP1
1269,STIL
1270,STAG3
1271,SSR1
1272,SSR3
1273,SSRP1
1274,SST
1275,SSTR4
1276,ST14
1277,ST3GAL4
1278,ST3GAL5
1279,ST3GAL6
1280,ST6GAL1
1281,ST6GALNAC2
1282,ST8SIA4
1283,STAB1
1284,STAG1
1285,STAM
1286,STEAP4
1287,STAM2
1288,STARD3
1289,STARD4
1290,STARD7
1291,STAT1
1292,STAT2
1293,STAT3
1294,STAT4
1295,STAT5A
1296,STAU1
1297,STBD1
1298,STC1
1299,STC2
1300,STEAP3
1301,SYK
1302,SYMPK
1303,SYNCRIP
1304,TCOF1
1305,TBC1D30
1306,TBCD
1307,TBK1
1308,TBRG4
1309,TCAP
1310,TCEA1
1311,TCF19
1312,TCF7
1313,TCF7L1
1314,TCF7L2
1315,TCHH
1316,TCIRG1
1317,TCL1A
1318,TCN2
1319,TCP1
1320,TATDN2
1321,TCP11
1322,TDO2
1323,TDRD7
1324,TEAD4
1325,TEKT2
1326,TENM2
1327,TENT4A
1328,TENT5A
1329,TENT5C
1330,TES
1331,TEX15
1332,TF
1333,TFAP2B
1334,TFAP2C
1335,TAX1BP3
1336,TAT
1337,SYNE1
1338,TAF13
1339,SYNGR1
1340,SYNGR2
1341,SYNJ1
1342,SYNJ2
1343,SYNPO
1344,SYT11
1345,SYT12
1346,SYT13
1347,SYTL2
1348,TACC3
1349,TACR1
1350,TACR3
1351,TAF10
1352,TAF12
1353,TAF1C
1354,TAS2R4
1355,TAF6
1356,TAF9
1357,TAGLN
1358,TAL1
1359,TALDO1
1360,TANK
1361,TAOK2
1362,TAP1
1363,TAP2
1364,TAPBP
1365,TARBP2
1366,TARDBP
1367,TARP
1368,TARS1
1369,TP53INP2
1370,TPBG
1371,RAC1
1372,VPS4B
1373,WAS
1374,WARS1
1375,VWF
1376,VWA5A
1377,VTN
1378,VPS50
1379,VPS45
1380,USP1
1381,VPS37D
1382,VPS37B
1383,VPS28
1384,VPREB1
1385,VNN1
1386,VLDLR
1387,WASF1
1388,WASF2
1389,WASL
1390,WDR1
1391,WDR33
1392,WDR37
1393,WDR43
1394,WDR74
1395,WDR90
1396,WEE1
1397,WFS1
1398,WIPF1
1399,WIPI1
1400,WIZ
1401,WLS
1402,WNK4
1403,WNT1
1404,VIPR1
1405,VIP
1406,VIM
1407,VASP
1408,USP12
1409,USP14
1410,USP15
1411,USP16
1412,USP18
1413,USP8
1414,UTP20
1415,UXT
1416,VAMP3
1417,VAMP4
1418,VAMP5
1419,VAMP7
1420,VAMP8
1421,VAPA
1422,VAV2
1423,VHL
1424,VAV3
1425,VBP1
1426,VCAM1
1427,VCAN
1428,VCL
1429,VCPIP1
1430,VDAC1
1431,VDAC2
1432,VDAC3
1433,VDR
1434,VEGFA
1435,VEGFB
1436,VEGFC
1437,VEZF1
1438,WNT16
1439,WNT2
1440,WNT5A
1441,ZFP36L1
1442,YWHAG
1443,YWHAH
1444,YWHAQ
1445,YWHAZ
1446,ZAP70
1447,ZBP1
1448,ZBTB10
1449,ZBTB16
1450,ZBTB17
1451,ZC2HC1C
1452,ZC3H12A
1453,ZC3H14
1454,ZEB1
1455,ZFP36
1456,ZFPM2
1457,YWHAB
1458,ZMAT3
1459,ZMIZ1
1460,ZNF112
1461,ZNF185
1462,ZNF277
1463,ZNF292
1464,ZNF365
1465,ZNF639
1466,ZNF707
1467,ZNFX1
1468,ZNRF4
1469,ZPBP
1470,ZW10
1471,ZWINT
1472,YWHAE
1473,YTHDC1
1474,WNT5B
1475,XK
1476,WNT6
1477,WNT7A
1478,WRAP73
1479,WRN
1480,WSB1
1481,WWC1
1482,WWP1
1483,WWTR1
1484,XAF1
1485,XBP1
1486,XCL1
1487,XDH
1488,XIAP
1489,XIST
1490,XPC
1491,YRDC
1492,XPNPEP1
1493,XPO1
1494,XPO7
1495,XPOT
1496,XRCC3
1497,XRCC5
1498,XRCC6
1499,XYLT2
1500,YBX2
1501,YIF1A
1502,YIPF6
1503,YKT6
1504,YPEL1
1505,YPEL5
1506,USP11
1507,USO1
1508,TPD52
1509,TSC22D1
1510,TSPAN13
1511,TSPAN1
1512,TSN
1513,TSKU
1514,TSHB
1515,TSG101
1516,TSC2
1517,USH1C
1518,TSC1
1519,TROAP
1520,TRO
1521,TRIP13
1522,TRIP10
1523,TRIO
1524,TSPAN4
1525,TSPAN5
1526,TSPAN7
1527,TSPAN8
1528,TSPO
1529,TSPO2
1530,TSPYL2
1531,TSSK2
1532,TST
1533,TTC39A
1534,TTC39B
1535,TTK
1536,TTPA
1537,TTR
1538,TUBA3C
1539,TUBA4A
1540,TUBB
1541,TRIM58
1542,TRIM5
1543,TRIM33
1544,TRAF2
1545,TPD52L1
1546,TPH1
1547,TPI1
1548,TPM1
1549,TPM2
1550,TPM3
1551,TPM4
1552,TPRKB
1553,TPSAB1
1554,TPST1
1555,TPST2
1556,TPX2
1557,TRA2B
1558,TRAF1
1559,TRAF4
1560,TRIM29
1561,TRAFD1
1562,TRAIP
1563,TRAK2
1564,TRAT1
1565,TRIAP1
1566,TRIB1
1567,TRIB2
1568,TRIB3
1569,TRIM10
1570,TRIM14
1571,TRIM21
1572,TRIM25
1573,TRIM26
1574,TRIM28
1575,TUBB2A
1576,TUBB2B
1577,TUBD1
1578,UNG
1579,UBR7
1580,UCHL5
1581,UCK1
1582,UCK2
1583,UCP2
1584,UFM1
1585,UGCG
1586,UGDH
1587,UGP2
1588,UGT2B17
1589,UMPS
1590,UNC119
1591,UNC13B
1592,UNC5C
1593,UPB1
1594,UBE2T
1595,UPF1
1596,UPF3B
1597,UPK3B
1598,UPP1
1599,UQCR10
1600,UQCR11
1601,UQCRB
1602,UQCRC1
1603,UQCRC2
1604,UQCRFS1
1605,UQCRH
1606,UQCRQ
1607,UROD
1608,UROS
1609,UBQLN1
1610,UBE2S
1611,TUBG1
1612,TYR
1613,TUBGCP2
1614,TUBGCP3
1615,TUBGCP5
1616,TUBGCP6
1617,TUFM
1618,TULP2
1619,TWSG1
1620,TXN
1621,TXNIP
1622,TXNL4A
1623,TXNRD1
1624,TXNRD2
1625,TYK2
1626,TYMS
1627,TYRO3
1628,UBE2N
1629,U2AF1
1630,UAP1
1631,UBA2
1632,UBA7
1633,UBAC1
1634,UBC
1635,UBE2C
1636,UBE2D1
1637,UBE2D3
1638,UBE2E1
1639,UBE2I
1640,UBE2J1
1641,UBE2L3
1642,UBE2L6
1643,SSPN
1644,SSH2
1645,SSBP1
1646,S100A1
1647,S100A9
1648,S100A4
1649,S100A13
1650,S100A12
1651,S100A11
1652,S100A10
1653,RYR2
1654,RPL9
1655,RYR1
1656,RXRG
1657,RXRB
1658,RXRA
1659,RUVBL2
1660,RUNX1
1661,SAC3D1
1662,SAMD9
1663,SAMD9L
1664,SAMHD1
1665,SAMM50
1666,SAP30
1667,SAR1B
1668,SASS6
1669,SAT1
1670,SATB1
1671,SBNO2
1672,SC5D
1673,SCAF4
1674,SCAF8
1675,SCAMP1
1676,SCAMP3
1677,SCARB1
1678,RTP4
1679,RTN4RL1
1680,RTN3
1681,RPS6KA5
1682,RPN1
1683,RPS10
1684,RPS12
1685,RPS14
1686,RPS19
1687,RPS2
1688,RPS27L
1689,RPS3
1690,RPS3A
1691,RPS5
1692,RPS6
1693,RPS6KA1
1694,RPS6KA2
1695,RPS6KA3
1696,RPS9
1697,RTN1
1698,RPTOR
1699,RRAD
1700,RRAGD
1701,RRAS
1702,RREB1
1703,RRM1
1704,RRM2
1705,RRM2B
1706,RRP12
1707,RRP8
1708,RRP9
1709,RSAD2
1710,RSL1D1
1711,RSU1
1712,SCARF1
1713,SCD
1714,SCG2
1715,SERPINA1
1716,SELENBP1
1717,SELENOP
1718,SELENOS
1719,SELENOW
1720,SELL
1721,SELP
1722,SEMA3B
1723,SEMA3C
1724,SEMA4D
1725,SEPTIN4
1726,SEPTIN9
1727,SERBP1
1728,SERINC1
1729,SERP1
1730,SERPINA10
1731,SECTM1
1732,SERPINA3
1733,SERPINA5
1734,SERPINA6
1735,SERPINB2
1736,SERPINB5
1737,SERPINB6
1738,SERPINB8
1739,SERPINC1
1740,SERPINE1
1741,SERPINE2
1742,SERPING1
1743,SERPINH1
1744,SERTAD1
1745,SERTAD3
1746,SELE
1747,SEC61A1
1748,SCG3
1749,SDC1
1750,SCG5
1751,SCGB1A1
1752,SCGN
1753,SCHIP1
1754,SCN10A
1755,SCN1B
1756,SCN8A
1757,SCN9A
1758,SCNN1A
1759,SCP2
1760,SCRN1
1761,SCUBE1
1762,SCUBE2
1763,SDAD1
1764,SDC2
1765,SEC31A
1766,SDC3
1767,SDC4
1768,SDCBP
1769,SDCCAG8
1770,SDF2L1
1771,SDHA
1772,SDHB
1773,SDHC
1774,SDHD
1775,SEC11A
1776,SEC14L1
1777,SEC14L2
1778,SEC22B
1779,SEC24D
1780,RPLP0
1781,RPL6
1782,SSB
1783,RBCK1
1784,RBP1
1785,RBM5
1786,RBM4
1787,RBM38
1788,RBM14
1789,RBL1
1790,RBBP8
1791,RPL3L
1792,RBBP7
1793,RB1
1794,RASGRP1
1795,RASAL2
1796,RASA2
1797,RASA1
1798,RBP4
1799,RBPJ
1800,RBPMS
1801,RBSN
1802,RBX1
1803,RCAN1
1804,RCE1
1805,RCHY1
1806,RCL1
1807,RDH11
1808,RDH16
1809,REEP1
1810,REEP5
1811,REEP6
1812,REG1A
1813,REL
1814,RELA
1815,RARS1
1816,RARA
1817,RAPGEFL1
1818,RAD9A
1819,RAC2
1820,RACGAP1
1821,RACK1
1822,RAD1
1823,RAD17
1824,RAD21
1825,RAD23A
1826,RAD23B
1827,RAD50
1828,RAD51
1829,RAD51AP1
1830,RAD51C
1831,RAD52
1832,RAD54L
1833,RAE1
1834,RAPGEF6
1835,RAF1
1836,RALA
1837,RALB
1838,RALBP1
1839,RALGDS
1840,RAN
1841,RANBP1
1842,RANBP10
1843,RANBP9
1844,RAP1GAP
1845,RAP1GDS1
1846,RAP2B
1847,RAPGEF3
1848,RAPGEF5
1849,RELB
1850,RELN
1851,RER1
1852,RNMT
1853,RIT1
1854,RMDN3
1855,RNASEH2A
1856,RNASEL
1857,RND3
1858,RNF11
1859,RNF123
1860,RNF144B
1861,RNF19A
1862,RNF19B
1863,RNF213
1864,RNF31
1865,RNF4
1866,RNH1
1867,RNPS1
1868,RIPK1
1869,ROCK1
1870,RORA
1871,ROS1
1872,RPA1
1873,RPA2
1874,RPA3
1875,RPE
1876,RPL14
1877,RPL18
1878,RPL22
1879,RPL34
1880,RPL36
1881,RPL39
1882,RPL39L
1883,RIPK2
1884,RIOK3
1885,RET
1886,RHAG
1887,RETN
1888,RETREG1
1889,RETSAT
1890,REV3L
1891,RFC1
1892,RFC2
1893,RFC3
1894,RFC4
1895,RFC5
1896,RGN
1897,RGS1
1898,RGS11
1899,RGS16
1900,RGS4
1901,RHBDF2
1902,RIGI
1903,RHCE
1904,RHCG
1905,RHD
1906,RHOA
1907,RHOB
1908,RHOBTB3
1909,RHOD
1910,RHOF
1911,RHOG
1912,RHOH
1913,RHOT1
1914,RHOT2
1915,RIBC2
1916,RICTOR
1917,SESN1
1918,SET
1919,SF3A1
1920,SNN
1921,SNRPD2
1922,SNRPD1
1923,SNRPB2
1924,SNRPB
1925,SNRPA1
1926,SNRPA
1927,SNCG
1928,SF3A3
1929,SNCB
1930,SNCA
1931,SNAPC5
1932,SNAPC4
1933,SNAP91
1934,SNAP25
1935,SNRPD3
1936,SNRPG
1937,SNTB1
1938,SNX10
1939,SNX14
1940,SNX2
1941,SNX24
1942,SNX9
1943,SOAT2
1944,SOCS1
1945,SOCS2
1946,SOCS3
1947,SOCS5
1948,SOD1
1949,SOD2
1950,SOD3
1951,SORBS1
1952,SNAP23
1953,SNAI2
1954,SMURF2
1955,SMAD2
1956,SLC6A8
1957,SLC6A9
1958,SLC7A1
1959,SLC7A11
1960,SLC7A2
1961,SLC7A5
1962,SLCO1A2
1963,SLCO2A1
1964,SLIT1
1965,SLIT2
1966,SLIT3
1967,SLN
1968,SLPI
1969,SMAD1
1970,SMAD3
1971,SMURF1
1972,SMAD5
1973,SMAD6
1974,SMAD7
1975,SMARCC1
1976,SMC1A
1977,SMC2
1978,SMC3
1979,SMC4
1980,SMC6
1981,SMOX
1982,SMPDL3A
1983,SMPX
1984,SMS
1985,SMTN
1986,SORBS2
1987,SORBS3
1988,SORD
1989,SRM
1990,SPTAN1
1991,SPTB
1992,SPTBN1
1993,SPTBN2
1994,SQLE
1995,SQOR
1996,SQSTM1
1997,SRC
1998,SRD5A1
1999,SRD5A3
2000,SREBF2
2001,SRF
2002,SRGN
2003,SRI
2004,SRP14
2005,SPSB1
2006,SRP19
2007,SRP9
2008,SRPK1
2009,SRPRA
2010,SRPRB
2011,SRPX
2012,SRSF1
2013,SRSF10
2014,SRSF2
2015,SRSF3
2016,SRSF6
2017,SRSF7
2018,SRXN1
2019,SS18
2020,SPTA1
2021,SPRY4
2022,SOS1
2023,SPCS3
2024,SOWAHC
2025,SOX10
2026,SOX3
2027,SOX9
2028,SP1
2029,SP110
2030,SPAG4
2031,SPAG5
2032,SPARC
2033,SPARCL1
2034,SPATA6
2035,SPC24
2036,SPC25
2037,SPCS1
2038,SPDEF
2039,SPRY2
2040,SPEG
2041,SPHK1
2042,SPHK2
2043,SPI1
2044,SPINT2
2045,SPOCK1
2046,SPOCK2
2047,SPON1
2048,SPOP
2049,SPP1
2050,SPPL2A
2051,SPR
2052,SPRED2
2053,SPRR3
2054,SLC6A6
2055,SLC6A3
2056,SLC6A14
2057,SLAMF1
2058,SIK1
2059,SIPA1L1
2060,SIRPA
2061,SIRT1
2062,SIRT2
2063,SIRT6
2064,SIT1
2065,SKAP2
2066,SKI
2067,SKIC3
2068,SKIL
2069,SKP1
2070,SKP2
2071,SLA
2072,SLAMF7
2073,SIDT2
2074,SLBP
2075,SLC10A3
2076,SLC11A2
2077,SLC12A2
2078,SLC12A3
2079,SLC12A4
2080,SLC16A1
2081,SLC16A3
2082,SLC16A6
2083,SLC16A7
2084,SLC19A1
2085,SLC19A2
2086,SLC1A1
2087,SLC1A2
2088,SIGMAR1
2089,SIDT1
2090,SLC1A5
2091,SH2B1
2092,SF3B3
2093,SFMBT1
2094,SFN
2095,SFPQ
2096,SFRP1
2097,SFRP4
2098,SGCA
2099,SGCB
2100,SGCD
2101,SGCE
2102,SGCG
2103,SGK1
2104,SGMS1
2105,SGMS2
2106,SH2B2
2107,SIAH2
2108,SH2B3
2109,SH3BGR
2110,SH3BGRL2
2111,SH3BP5
2112,SH3GL2
2113,SHC1
2114,SHE
2115,SHH
2116,SHMT1
2117,SHMT2
2118,SHOX2
2119,SHROOM1
2120,SHROOM2
2121,SIAH1
2122,SLC1A4
2123,SLC20A1
2124,SLC6A12
2125,SLC35D1
2126,SLC2A4
2127,SLC2A5
2128,SLC2A6
2129,SLC2A8
2130,SLC30A1
2131,SLC30A10
2132,SLC30A3
2133,SLC30A5
2134,SLC31A1
2135,SLC31A2
2136,SLC34A3
2137,SLC35A3
2138,SLC35B1
2139,SLC35B2
2140,SLC37A1
2141,SLC2A2
2142,SLC37A4
2143,SLC38A1
2144,SLC38A2
2145,SLC38A3
2146,SLC39A6
2147,SLC39A8
2148,SLC3A2
2149,SLC46A3
2150,SLC4A1
2151,SLC4A4
2152,SLC5A5
2153,SLC5A6
2154,SLC66A2
2155,SLC66A3
2156,SLC2A3
2157,SLC2A1
2158,SLC22A1
2159,SLC25A20
2160,SLC22A12
2161,SLC22A18
2162,SLC22A4
2163,SLC22A5
2164,SLC23A1
2165,SLC23A2
2166,SLC24A3
2167,SLC25A1
2168,SLC25A10
2169,SLC25A11
2170,SLC25A12
2171,SLC25A13
2172,SLC25A17
2173,SLC25A19
2174,SLC25A23
2175,SLC29A3
2176,SLC25A28
2177,SLC25A3
2178,SLC25A37
2179,SLC25A38
2180,SLC25A4
2181,SLC25A5
2182,SLC25A6
2183,SLC26A2
2184,SLC27A1
2185,SLC27A2
2186,SLC27A5
2187,SLC28A2
2188,SLC29A1
2189,SLC29A2
2190,LCAT
2191,ZYX
2192,LATS2
2193,CDKN2C
2194,CDSN
2195,CDR2
2196,CDON
2197,CDO1
2198,CDKN3
2199,CDKN2D
2200,CDKN2B
2201,CEP72
2202,CDKN2AIP
2203,CDKN2A
2204,CDKN1C
2205,CDKN1B
2206,CDKN1A
2207,CDKAL1
2208,CEBPA
2209,CEBPB
2210,CEBPD
2211,CEBPG
2212,CEL
2213,CELF2
2214,CELSR1
2215,CELSR2
2216,CENPA
2217,CENPE
2218,CENPF
2219,CENPJ
2220,CENPM
2221,CENPN
2222,CEP131
2223,CEP192
2224,CEP250
2225,CDK9
2226,CDK8
2227,CDK7
2228,CDH1
2229,CDC34
2230,CDC42
2231,CDC42BPA
2232,CDC42EP1
2233,CDC42EP2
2234,CDC42EP4
2235,CDC42SE2
2236,CDC45
2237,CDC5L
2238,CDC6
2239,CDC7
2240,CDCA3
2241,CDCA8
2242,CDCP1
2243,CDH11
2244,CDK6
2245,CDH13
2246,CDH15
2247,CDH16
2248,CDH2
2249,CDH3
2250,CDH4
2251,CDH6
2252,CDH8
2253,CDK1
2254,CDK13
2255,CDK2
2256,CDK4
2257,CDK5R1
2258,CDK5RAP2
2259,CEP57
2260,CERCAM
2261,DEGS1
2262,CIT
2263,CKMT2
2264,CKM
2265,CKB
2266,CKAP5
2267,CKAP4
2268,CITED2
2269,CISH
2270,CES1
2271,CIR1
2272,CIITA
2273,CIDEA
2274,CHUK
2275,CHST8
2276,CHST6
2277,CKS1B
2278,CKS2
2279,CLASP1
2280,CLCA2
2281,CLCF1
2282,CLCN2
2283,CLCN3
2284,CLDN11
2285,CLDN14
2286,CLDN15
2287,CLDN16
2288,CLDN18
2289,CLDN19
2290,CLDN3
2291,CLDN4
2292,CLDN5
2293,CLDN6
2294,CHST4
2295,CHST3
2296,CHST2
2297,CHCHD10
2298,CETN2
2299,CFB
2300,CFD
2301,CFH
2302,CFHR2
2303,CFI
2304,CFL1
2305,CFLAR
2306,CFP
2307,CFTR
2308,CGRRF1
2309,CH25H
2310,CHAC1
2311,CHAF1A
2312,CHEK1
2313,CHST12
2314,CHEK2
2315,CHFR
2316,CHGA
2317,CHKA
2318,CHMP1A
2319,CHPF
2320,CHPF2
2321,CHPT1
2322,CHRM4
2323,CHRNA1
2324,CHRNA5
2325,CHRNB1
2326,CHRNG
2327,CHST1
2328,CDC27
2329,CDC25B
2330,CDC25A
2331,CCL17
2332,CCL25
2333,CCL24
2334,CCL22
2335,CCL20
2336,CCL2
2337,CCL19
2338,CCL13
2339,CDC20
2340,CCL11
2341,CCK
2342,CCDC88A
2343,CCDC28A
2344,CCDC106
2345,CBX8
2346,CCL4
2347,CCL5
2348,CCL7
2349,CCN1
2350,CCN2
2351,CCN5
2352,CCNA1
2353,CCNA2
2354,CCNB2
2355,CCND1
2356,CCND2
2357,CCND3
2358,CCNE1
2359,CCNF
2360,CCNG1
2361,CCNG2
2362,CCNK
2363,CBX5
2364,CBX3
2365,CBX1
2366,CASQ1
2367,CAPN9
2368,CAPZB
2369,CARTPT
2370,CASP1
2371,CASP10
2372,CASP2
2373,CASP3
2374,CASP4
2375,CASP5
2376,CASP6
2377,CASP7
2378,CASP8
2379,CASP8AP2
2380,CASP9
2381,CASQ2
2382,CBS
2383,CAST
2384,CAT
2385,CAV1
2386,CAV2
2387,CAV3
2388,CAVIN1
2389,CAVIN2
2390,CAVIN3
2391,CBFA2T3
2392,CBL
2393,CBLB
2394,CBR1
2395,CBR3
2396,CBR4
2397,CCNL1
2398,CCNO
2399,CCNT1
2400,CD74
2401,CD3G
2402,CD4
2403,CD40
2404,CD40LG
2405,CD44
2406,CD46
2407,CD47
2408,CD48
2409,CD55
2410,CD59
2411,CD63
2412,CD69
2413,CD7
2414,CD70
2415,CD79A
2416,CD3D
2417,CD79B
2418,CD80
2419,CD81
2420,CD82
2421,CD83
2422,CD86
2423,CD8A
2424,CD8B
2425,CD9
2426,CD96
2427,CD99
2428,CDA
2429,CDADC1
2430,CDC14B
2431,CD3E
2432,CD38
2433,CCP110
2434,CCT7
2435,CCR1
2436,CCR2
2437,CCR4
2438,CCR5
2439,CCR7
2440,CCR8
2441,CCRL2
2442,CCSER2
2443,CCT2
2444,CCT3
2445,CCT4
2446,CCT5
2447,CCT6A
2448,CCT6B
2449,CD14
2450,CD37
2451,CD151
2452,CD160
2453,CD1D
2454,CD2
2455,CD207
2456,CD209
2457,CD247
2458,CD274
2459,CD276
2460,CD28
2461,CD2AP
2462,CD302
2463,CD34
2464,CD36
2465,CLDN7
2466,CLDN8
2467,CLDN9
2468,CXCL11
2469,CXCL3
2470,CXCL2
2471,CXCL16
2472,CXCL14
2473,CXCL13
2474,CXCL12
2475,CXCL10
2476,CSNK1D
2477,CXCL1
2478,CX3CL1
2479,CUL5
2480,CUL4A
2481,CUL3
2482,CUL1
2483,CXCL6
2484,CXCL8
2485,CXCL9
2486,CXCR3
2487,CXCR4
2488,CXCR6
2489,CXXC1
2490,CYB5A
2491,CYB5B
2492,CYB5R1
2493,CYB5R3
2494,CYBB
2495,CYC1
2496,CYCS
2497,CYFIP1
2498,CYFIP2
2499,CYLD
2500,CTTN
2501,CTSZ
2502,CTSV
2503,CTHRC1
2504,CSNK2A2
2505,CSNK2B
2506,CSRNP2
2507,CSRP1
2508,CSRP2
2509,CSRP3
2510,CST7
2511,CST8
2512,CSTF2
2513,CSTF3
2514,CTBP1
2515,CTCF
2516,CTF1
2517,CTH
2518,CTLA4
2519,CTSS
2520,CTNNA1
2521,CTNNB1
2522,CTNND1
2523,CTNS
2524,CTPS1
2525,CTSB
2526,CTSC
2527,CTSD
2528,CTSE
2529,CTSF
2530,CTSH
2531,CTSK
2532,CTSL
2533,CTSO
2534,CYP11B2
2535,CYP17A1
2536,CYP1A1
2537,DCXR
2538,DCBLD2
2539,DCC
2540,DCK
2541,DCLRE1B
2542,DCN
2543,DCP1A
2544,DCP2
2545,DCPS
2546,DCT
2547,DCTN1
2548,DCTN4
2549,DCTPP1
2550,DCUN1D1
2551,DCX
2552,DDAH1
2553,DCAF10
2554,DDAH2
2555,DDB1
2556,DDB2
2557,DDC
2558,DDIT3
2559,DDIT4
2560,DDT
2561,DDX10
2562,DDX18
2563,DDX21
2564,DDX25
2565,DDX39A
2566,DDX4
2567,DDX60
2568,DCAF11
2569,DBT
2570,CYP1A2
2571,CYP51A1
2572,CYP26A1
2573,CYP26B1
2574,CYP27A1
2575,CYP2C18
2576,CYP2E1
2577,CYP2J2
2578,CYP2S1
2579,CYP39A1
2580,CYP46A1
2581,CYP4A11
2582,CYP4A22
2583,CYP4B1
2584,CYP4F11
2585,CYP4F2
2586,CYP7A1
2587,DBP
2588,CYP7B1
2589,CYP8B1
2590,CYTH2
2591,D2HGDH
2592,DAAM1
2593,DAB2
2594,DAD1
2595,DAP
2596,DAP3
2597,DAPK2
2598,DAPP1
2599,DARS1
2600,DBF4
2601,DBI
2602,CSNK1E
2603,CSK
2604,CLEC4A
2605,COL11A1
2606,COL1A2
2607,COL1A1
2608,COL17A1
2609,COL16A1
2610,COL15A1
2611,COL12A1
2612,COIL
2613,CSF3R
2614,COG2
2615,COCH
2616,CNTROB
2617,CNTRL
2618,CNTN1
2619,CNTFR
2620,COL2A1
2621,COL3A1
2622,COL4A1
2623,COL4A2
2624,COL5A1
2625,COL5A2
2626,COL5A3
2627,COL6A1
2628,COL6A2
2629,COL6A3
2630,COL7A1
2631,COL8A2
2632,COL9A1
2633,COLGALT1
2634,COMP
2635,COMT
2636,COPA
2637,CNP
2638,CNOT9
2639,CNOT6
2640,CLTA
2641,CLEC5A
2642,CLGN
2643,CLIC2
2644,CLIC3
2645,CLIP1
2646,CLIP2
2647,CLN5
2648,CLN6
2649,CLN8
2650,CLNS1A
2651,CLP1
2652,CLPB
2653,CLPS
2654,CLSTN3
2655,CLTB
2656,CNOT4
2657,CLTC
2658,CLU
2659,CLVS1
2660,CMBL
2661,CMKLR1
2662,CMPK1
2663,CMPK2
2664,CMTR1
2665,CNBP
2666,CNDP2
2667,CNIH2
2668,CNN2
2669,CNN3
2670,CNOT2
2671,COPB1
2672,COPB2
2673,COPE
2674,CROCC
2675,CPT2
2676,CR1
2677,CR2
2678,CRABP1
2679,CRABP2
2680,CRAT
2681,CRB3
2682,CREBBP
2683,CREG1
2684,CRIP2
2685,CRISP2
2686,CRLF1
2687,CRLF2
2688,CRMP1
2689,CROCCP2
2690,CPQ
2691,CROT
2692,CRP
2693,CRTAM
2694,CRYAB
2695,CRYBG1
2696,CRYZ
2697,CS
2698,CSAD
2699,CSE1L
2700,CSF1
2701,CSF2
2702,CSF2RA
2703,CSF2RB
2704,CSF3
2705,CPT1A
2706,CPOX
2707,COPZ2
2708,COX6B1
2709,COQ3
2710,COQ5
2711,COQ8A
2712,COQ9
2713,CORO1A
2714,COX10
2715,COX11
2716,COX15
2717,COX17
2718,COX4I1
2719,COX5A
2720,COX5B
2721,COX6A1
2722,COX6A2
2723,COX6C
2724,CPN1
2725,COX7A1
2726,COX7A2
2727,COX7A2L
2728,COX7B
2729,COX7C
2730,COX8A
2731,CP
2732,CPA2
2733,CPB1
2734,CPB2
2735,CPE
2736,CPEB2
2737,CPEB3
2738,CPM
2739,CAPN5
2740,CAPN3
2741,CAPN2
2742,AKT3
2743,ALDH18A1
2744,ALCAM
2745,ALB
2746,ALAS2
2747,ALAS1
2748,ALAD
2749,AKT2
2750,ADRM1
2751,AKT1S1
2752,AKT1
2753,AKR1D1
2754,AKR1C3
2755,AKR1C2
2756,AKR1B10
2757,ALDH1A1
2758,ALDH1A2
2759,ALDH1A3
2760,ALDH1L1
2761,ALDH2
2762,ALDH3A1
2763,ALDH3A2
2764,ALDH3B1
2765,ALDH6A1
2766,ALDH7A1
2767,ALDH8A1
2768,ALDH9A1
2769,ALDOA
2770,ALDOB
2771,ALDOC
2772,ALG1
2773,ALMS1
2774,AKR1A1
2775,AKAP7
2776,AKAP4
2777,AGRN
2778,AEBP1
2779,AEN
2780,AFAP1L2
2781,AFF1
2782,AFG3L2
2783,AGER
2784,AGFG1
2785,AGGF1
2786,AGL
2787,AGO2
2788,AGO4
2789,AGPAT3
2790,AGPAT4
2791,AGR2
2792,AGXT
2793,AKAP13
2794,AHCY
2795,AHNAK
2796,AHR
2797,AHSP
2798,AIFM1
2799,AIFM3
2800,AIMP2
2801,AK1
2802,AK2
2803,AK3
2804,AK4
2805,AKAP1
2806,AKAP10
2807,AKAP12
2808,ALOX12B
2809,ALOX15
2810,ALOX15B
2811,APLNR
2812,AOX1
2813,AP1G1
2814,AP2B1
2815,AP2M1
2816,AP2S1
2817,AP3B1
2818,AP3S1
2819,AP4B1
2820,APAF1
2821,APBB1
2822,APBB2
2823,APC
2824,APEX1
2825,APH1A
2826,APLP1
2827,ANXA9
2828,APLP2
2829,APOA1
2830,APOA4
2831,APOBEC3F
2832,APOBEC3G
2833,APOC1
2834,APOC2
2835,APOC3
2836,APOD
2837,APOE
2838,APOH
2839,APOL6
2840,APOM
2841,APP
2842,AOC3
2843,ANXA5
2844,ALS2
2845,ANGPTL3
2846,ALYREF
2847,AMACR
2848,AMBN
2849,AMD1
2850,AMFR
2851,AMH
2852,AMIGO1
2853,AMIGO2
2854,AMMECR1
2855,AMOT
2856,AMPD3
2857,AMPH
2858,ANG
2859,ANGPT1
2860,ANGPTL4
2861,ANXA4
2862,ANK1
2863,ANKH
2864,ANKRA2
2865,ANKRD2
2866,ANKZF1
2867,ANLN
2868,ANO1
2869,ANP32E
2870,ANPEP
2871,ANTXR2
2872,ANXA1
2873,ANXA10
2874,ANXA13
2875,ANXA2
2876,ADSL
2877,ADRA2C
2878,APRT
2879,ABR
2880,ACADS
2881,ACADM
2882,ACADL
2883,ACACA
2884,ACAA2
2885,ACAA1
2886,ABLIM1
2887,ADRA2B
2888,ABL1
2889,ABI3BP
2890,ABI1
2891,ABHD6
2892,ABHD4
2893,ABHD2
2894,ACADSB
2895,ACADVL
2896,ACAT1
2897,ACAT2
2898,ACE
2899,ACHE
2900,ACKR1
2901,ACKR3
2902,ACLY
2903,ACO2
2904,ACOT2
2905,ACOT8
2906,ACOX1
2907,ACOX2
2908,ACOX3
2909,ACP1
2910,ACP2
2911,ABCG8
2912,ABCG4
2913,ABCG2
2914,ABCB11
2915,A2M
2916,AAAS
2917,AADAT
2918,AARS1
2919,ABAT
2920,ABCA1
2921,ABCA2
2922,ABCA3
2923,ABCA4
2924,ABCA5
2925,ABCA6
2926,ABCA8
2927,ABCA9
2928,ABCB1
2929,ABCB4
2930,ABCF2
2931,ABCB6
2932,ABCB7
2933,ABCB8
2934,ABCB9
2935,ABCC1
2936,ABCC2
2937,ABCC3
2938,ABCC4
2939,ABCC5
2940,ABCC8
2941,ABCD1
2942,ABCD2
2943,ABCD3
2944,ABCE1
2945,ACP5
2946,ACRBP
2947,ACRV1
2948,ADGRA2
2949,ADAM8
2950,ADAM9
2951,ADAMDEC1
2952,ADAMTS1
2953,ADAMTS5
2954,ADAR
2955,ADCY1
2956,ADCY2
2957,ADCY6
2958,ADCY9
2959,ADCYAP1
2960,ADD1
2961,ADD2
2962,ADD3
2963,ADGRE1
2964,ADAM2
2965,ADGRG1
2966,ADGRL2
2967,ADGRL4
2968,ADH1C
2969,ADH4
2970,ADH5
2971,ADH7
2972,ADIG
2973,ADIPOQ
2974,ADIPOR1
2975,ADIPOR2
2976,ADM
2977,ADORA2B
2978,ADRA1B
2979,ADAM23
2980,ADAM19
2981,ACSL1
2982,ACTL7B
2983,ACSL3
2984,ACSL4
2985,ACSL5
2986,ACSL6
2987,ACSM1
2988,ACSM3
2989,ACSS1
2990,ACSS2
2991,ACTA1
2992,ACTA2
2993,ACTB
2994,ACTC1
2995,ACTG1
2996,ACTG2
2997,ACTN1
2998,ADAM17
2999,ACTN2
3000,ACTN3
3001,ACTN4
3002,ACTR2
3003,ACTR3
3004,ACVR1
3005,ACVR1B
3006,ACVR2A
3007,ACVRL1
3008,ADA
3009,ADAD1
3010,ADAM10
3011,ADAM12
3012,ADAM15
3013,APPBP2
3014,AQP3
3015,CAPG
3016,BIN1
3017,BLVRB
3018,BLVRA
3019,BLCAP
3020,BIRC5
3021,BIRC3
3022,BIRC2
3023,BIK
3024,BAG3
3025,BID
3026,BHLHE40
3027,BGN
3028,BET1
3029,BEST1
3030,BDNF
3031,BMF
3032,BMP1
3033,BMP2
3034,BMP2K
3035,BMP6
3036,BMPR1A
3037,BMPR1B
3038,BMPR2
3039,BNIP3
3040,BNIP3L
3041,BOLA2
3042,BPGM
3043,BPHL
3044,BPNT1
3045,BRAF
3046,BRCA1
3047,BRCA2
3048,BDKRB2
3049,BDKRB1
3050,BDH2
3051,BCAR1
3052,BAK1
3053,BANF1
3054,BANK1
3055,BARD1
3056,BASP1
3057,BATF
3058,BATF2
3059,BATF3
3060,BAX
3061,BAZ2A
3062,BBOX1
3063,BCAM
3064,BCAN
3065,BCAP31
3066,BCAR3
3067,BCR
3068,BCAT1
3069,BCKDHA
3070,BCKDHB
3071,BCL10
3072,BCL11B
3073,BCL2
3074,BCL2A1
3075,BCL2L1
3076,BCL2L10
3077,BCL2L11
3078,BCL2L13
3079,BCL2L2
3080,BCL3
3081,BCL6
3082,BRDT
3083,BRF2
3084,BRMS1L
3085,CALCR
3086,CAB39L
3087,CACNA1A
3088,CACNA1B
3089,CACNA1F
3090,CACNA1H
3091,CACNA2D2
3092,CACNG1
3093,CACYBP
3094,CAD
3095,CADM1
3096,CADM2
3097,CADM3
3098,CALB2
3099,CALCB
3100,CALCRL
3101,CA6
3102,CALD1
3103,CALM1
3104,CALM3
3105,CALML5
3106,CALR
3107,CALU
3108,CAMK1D
3109,CAMK2B
3110,CAMK4
3111,CAMKK2
3112,CANT1
3113,CANX
3114,CAP1
3115,CAP2
3116,CAB39
3117,CA4
3118,BRPF3
3119,C1QBP
3120,BRS3
3121,BSG
3122,BST2
3123,BTBD3
3124,BTC
3125,BTG1
3126,BTG2
3127,BTG3
3128,BTRC
3129,BUB1
3130,BUB1B
3131,BUB3
3132,BYSL
3133,C1QA
3134,C1QC
3135,CA2
3136,C1R
3137,C1S
3138,C2
3139,C3
3140,C3AR1
3141,C4BPB
3142,C5
3143,C5AR1
3144,C8A
3145,C8B
3146,C8G
3147,C9
3148,CA1
3149,CA12
3150,BAIAP2
3151,BAG1
3152,AQP7
3153,ARPC5L
3154,ASB13
3155,ARTN
3156,ARRB2
3157,ARRB1
3158,ARPP21
3159,ARPP19
3160,ARPC3
3161,BACH1
3162,ARPC2
3163,ARL8A
3164,ARL6IP1
3165,ARL4A
3166,ARL3
3167,ARL2BP
3168,ASB7
3169,ASCL1
3170,ASF1A
3171,ASF1B
3172,ASL
3173,ASNS
3174,ASS1
3175,ATAD2
3176,ATF1
3177,ATF3
3178,ATF4
3179,ATF5
3180,ATF6
3181,ATG10
3182,ATG4A
3183,ATG4B
3184,ATL2
3185,ARID5B
3186,ARID4B
3187,ARID4A
3188,ARFIP2
3189,AQP9
3190,AR
3191,ARAF
3192,ARAP3
3193,ARCN1
3194,AREG
3195,ARF1
3196,ARF4
3197,ARF6
3198,ARFGAP1
3199,ARFGAP3
3200,ARFGEF1
3201,ARFGEF2
3202,ARFIP1
3203,ARG1
3204,ARHGEF9
3205,ARG2
3206,ARHGAP10
3207,ARHGAP27
3208,ARHGAP29
3209,ARHGAP4
3210,ARHGAP5
3211,ARHGDIA
3212,ARHGDIG
3213,ARHGEF11
3214,ARHGEF12
3215,ARHGEF2
3216,ARHGEF3
3217,ARHGEF6
3218,ARHGEF7
3219,ATOH8
3220,ATOX1
3221,ATP1A1
3222,AVPR1A
3223,ATP6V1F
3224,ATP6V1G1
3225,ATP6V1H
3226,ATP7A
3227,ATP8B1
3228,ATRN
3229,ATRX
3230,ATXN1
3231,ATXN2
3232,AUH
3233,AURKA
3234,AURKB
3235,AUTS2
3236,AVL9
3237,AXIN1
3238,ATP6V1D
3239,AXIN2
3240,AXL
3241,AZGP1
3242,B2M
3243,B3GALT6
3244,B3GAT1
3245,B3GAT3
3246,B3GNT3
3247,B4GALNT2
3248,B4GALT1
3249,B4GALT2
3250,B4GALT4
3251,B4GALT5
3252,B4GALT7
3253,ATP6V1E1
3254,ATP6V1C1
3255,ATP1A3
3256,ATP5MC2
3257,ATP1B1
3258,ATP1B3
3259,ATP2A1
3260,ATP2A2
3261,ATP2B1
3262,ATP2B4
3263,ATP2C1
3264,ATP4A
3265,ATP5F1A
3266,ATP5F1B
3267,ATP5F1C
3268,ATP5F1D
3269,ATP5F1E
3270,ATP5MC1
3271,ATP5MC3
3272,ATP6V1B1
3273,ATP5ME
3274,ATP5MF
3275,ATP5MG
3276,ATP5PB
3277,ATP5PD
3278,ATP5PF
3279,ATP5PO
3280,ATP6AP1
3281,ATP6V0A1
3282,ATP6V0A4
3283,ATP6V0B
3284,ATP6V0C
3285,ATP6V0D1
3286,ATP6V0E1
3287,DECR1
3288,DEF6
3289,GPD1
3290,HR
3291,HNRNPR
3292,HNRNPU
3293,HOMER1
3294,HOMER2
3295,HOOK3
3296,HOPX
3297,HOXB1
3298,HOXB9
3299,HOXC10
3300,HOXD11
3301,HPCAL4
3302,HPGD
3303,HPN
3304,HPRT1
3305,HRAS
3306,HNRNPC
3307,HRC
3308,HRG
3309,HRH1
3310,HS2ST1
3311,HS3ST1
3312,HS6ST2
3313,HSD11B1
3314,HSD11B2
3315,HSD17B10
3316,HSD17B11
3317,HSD17B14
3318,HSD17B2
3319,HSD17B4
3320,HSD17B6
3321,HNRNPD
3322,HNRNPA3
3323,HSD3B1
3324,HLA-G
3325,HK2
3326,HKDC1
3327,HLA-A
3328,HLA-B
3329,HLA-C
3330,HLA-DMA
3331,HLA-DMB
3332,HLA-DOA
3333,HLA-DOB
3334,HLA-DQA1
3335,HLA-DRA
3336,HLA-DRB1
3337,HLA-E
3338,HLA-F
3339,HMBS
3340,HNRNPA2B1
3341,HMGA1
3342,HMGB2
3343,HMGB3
3344,HMGCL
3345,HMGCR
3346,HMGCS1
3347,HMGCS2
3348,HMGN2
3349,HMMR
3350,HMOX1
3351,HMOX2
3352,HNF1A
3353,HNF4A
3354,HNRNPA1
3355,HSD17B7
3356,HSD3B7
3357,HIRA
3358,IDH3G
3359,ICAM1
3360,ICAM2
3361,ICAM4
3362,ICAM5
3363,ICOS
3364,ICOSLG
3365,ID1
3366,ID2
3367,ID3
3368,IDE
3369,IDH1
3370,IDH2
3371,IDH3A
3372,IDH3B
3373,IDI1
3374,IARS1
3375,IDO1
3376,IDS
3377,IDUA
3378,IER2
3379,IER3
3380,IER5
3381,IFI27
3382,IFI30
3383,IFI35
3384,IFI44
3385,IFI44L
3386,IFIH1
3387,IFIT1
3388,IFIT2
3389,ICA1
3390,IAPP
3391,HSDL2
3392,HSPB8
3393,HSP90AA1
3394,HSP90AB1
3395,HSP90B1
3396,HSPA13
3397,HSPA1A
3398,HSPA1L
3399,HSPA2
3400,HSPA4
3401,HSPA4L
3402,HSPA5
3403,HSPA8
3404,HSPA9
3405,HSPB1
3406,HSPB2
3407,HSPD1
3408,HYOU1
3409,HSPE1
3410,HSPH1
3411,HTATIP2
3412,HTR1B
3413,HTR1D
3414,LAPTM5
3415,HTR5A
3416,HTR7
3417,HTRA1
3418,HTRA2
3419,HUS1
3420,HUWE1
3421,HYAL2
3422,HYCC2
3423,HK1
3424,HIPK2
3425,IFITM1
3426,GSTM2
3427,GRK5
3428,GRM8
3429,GRPEL1
3430,GRWD1
3431,GSDME
3432,GSG1
3433,GSK3B
3434,LARGE1
3435,GSPT1
3436,GSR
3437,GSS
3438,GSTA3
3439,GSTK1
3440,GSTM1
3441,GSTM3
3442,GRINA
3443,GSTM4
3444,GSTO1
3445,GSTT2
3446,GSTZ1
3447,GTF2A2
3448,GTF2B
3449,GTF2F1
3450,GTF2H1
3451,GTF2H3
3452,GTF2H5
3453,GTF3C5
3454,GUCY1A1
3455,GUCY1B1
3456,GUCY2D
3457,GRK2
3458,GRID2
3459,GUSB
3460,GPR3
3461,GPC3
3462,GPC4
3463,DEK
3464,GPD1L
3465,GPD2
3466,GPER1
3467,GPHN
3468,GPI
3469,GPNMB
3470,GPR132
3471,GPR18
3472,GPR182
3473,GPR183
3474,GPR19
3475,GPR65
3476,GRHPR
3477,GPR83
3478,GPR87
3479,GPRC5B
3480,GPRC5C
3481,GPX1
3482,GPX2
3483,GPX3
3484,GPX4
3485,GPX7
3486,GPX8
3487,GRB2
3488,GRB7
3489,GREB1
3490,GREM1
3491,GUK1
3492,GYPA
3493,HINT1
3494,HELZ2
3495,HCCS
3496,HCLS1
3497,HDAC1
3498,HDAC11
3499,HDAC2
3500,HDAC3
3501,HDAC5
3502,HDAC6
3503,HDAC9
3504,HDDC2
3505,HDGF
3506,HDLBP
3507,HEBP1
3508,HELLS
3509,HERC3
3510,HBQ1
3511,HERC6
3512,HERPUD1
3513,HES1
3514,HES6
3515,HEXA
3516,HEXIM1
3517,HEY1
3518,HEY2
3519,HEYL
3520,HGF
3521,HGFAC
3522,HHEX
3523,HIBCH
3524,HIF1A
3525,HBZ
3526,HBEGF
3527,GYPB
3528,H2AZ2
3529,GYPC
3530,GYPE
3531,GYS1
3532,GYS2
3533,GZMA
3534,GZMB
3535,GZMK
3536,H1-0
3537,H1-2
3538,H1-6
3539,H2AC25
3540,H2AJ
3541,H2AX
3542,H2AZ1
3543,H2BC12
3544,HBD
3545,H2BC3
3546,H4C3
3547,HACL1
3548,HADH
3549,HADHA
3550,HADHB
3551,HAGH
3552,HAO1
3553,HAO2
3554,HAS1
3555,HAS2
3556,HAX1
3557,HBB
3558,HBBP1
3559,IFIT3
3560,IFITM2
3561,GPAT4
3562,KCNMB1
3563,KATNB1
3564,KAZN
3565,KCNA3
3566,KCND1
3567,KCNE2
3568,KCNH1
3569,KCNH2
3570,KCNIP2
3571,KCNIP3
3572,KCNJ2
3573,KCNJ8
3574,KCNK15
3575,KCNK5
3576,KCNMA1
3577,KCNMB2
3578,KAT2B
3579,KCNN1
3580,KCNN4
3581,KCNQ2
3582,KDELR3
3583,KDM3A
3584,KDM4B
3585,KDM6B
3586,KDM7A
3587,KEL
3588,KHNYN
3589,KHSRP
3590,KIF11
3591,KIF13B
3592,KIF15
3593,KATNA1
3594,KAT2A
3595,KIF1B
3596,ITPA
3597,ITGB1BP1
3598,ITGB1BP2
3599,ITGB2
3600,ITGB3
3601,ITGB4
3602,ITGB5
3603,ITGB7
3604,ITGB8
3605,ITGBL1
3606,ITIH1
3607,ITIH3
3608,ITIH4
3609,ITIH5
3610,ITK
3611,ITPK1
3612,KARS1
3613,ITPR2
3614,ITSN1
3615,JAG1
3616,JAG2
3617,JAGN1
3618,JAK1
3619,JAK2
3620,JAM3
3621,JMJD6
3622,JPT1
3623,JUN
3624,JUNB
3625,JUP
3626,KALRN
3627,KIF18B
3628,KIF20A
3629,ITGAV
3630,KRT19
3631,KLRD1
3632,KLRK1
3633,KMT2D
3634,KMT5A
3635,KNL1
3636,KNTC1
3637,KPNA2
3638,KPNB1
3639,KPTN
3640,KRT1
3641,KRT13
3642,KRT15
3643,KRT17
3644,KRT18
3645,KRT31
3646,KLK8
3647,KRT4
3648,KRT5
3649,KRT8
3650,KYNU
3651,L1CAM
3652,L3MBTL4
3653,LAD1
3654,LALBA
3655,LAMA1
3656,LAMA2
3657,LAMA3
3658,LAMA4
3659,LAMB3
3660,LAMC1
3661,KLKB1
3662,KLK7
3663,KIF20B
3664,KLF1
3665,KIF22
3666,KIF23
3667,KIF2A
3668,KIF2C
3669,KIF3B
3670,KIF3C
3671,KIF4A
3672,KIF5A
3673,KIF5B
3674,KIF5C
3675,KIFAP3
3676,KIFC3
3677,KIT
3678,KLC1
3679,KLF10
3680,KLK3
3681,KLF2
3682,KLF3
3683,KLF4
3684,KLF5
3685,LAMP3
3686,KLF7
3687,KLF9
3688,KLHDC3
3689,KLHDC8A
3690,KLHL24
3691,KLK1
3692,KLK10
3693,KLK11
3694,KLK2
3695,ITGB1
3696,ITGAM
3697,IFITM3
3698,IL1B
3699,IL12RB2
3700,IL13
3701,IL13RA1
3702,IL13RA2
3703,IL15
3704,IL15RA
3705,IL16
3706,IL17RA
3707,IL17RB
3708,IL18
3709,IL18BP
3710,IL18R1
3711,IL18RAP
3712,IL1A
3713,IL1R1
3714,IL12B
3715,IL1R2
3716,IL1RL1
3717,IL1RL2
3718,IL2
3719,IL23A
3720,IL27RA
3721,IL2RA
3722,IL2RB
3723,IL2RG
3724,IL32
3725,IL33
3726,IL3RA
3727,IL4
3728,IL4I1
3729,IL12RB1
3730,IL12A
3731,IL5
3732,IGFBP3
3733,IFNAR1
3734,IFNAR2
3735,IFNB1
3736,IFNG
3737,IFNGR1
3738,IFNGR2
3739,IFRD1
3740,IFT88
3741,IGF1
3742,IGF1R
3743,IGF2
3744,IGF2R
3745,IGFBP1
3746,IGFBP2
3747,IGFBP4
3748,IL11
3749,IGFBP5
3750,IGFBP6
3751,IGFBP7
3752,IGSF1
3753,IGSF3
3754,IGSF6
3755,IKBKB
3756,IKBKG
3757,IKZF1
3758,IKZF2
3759,IKZF4
3760,IL10
3761,IL10RA
3762,IL10RB
3763,IL4R
3764,IL6
3765,ITGAL
3766,LAMTOR5
3767,IRAK2
3768,IRAK4
3769,IRF1
3770,IRF2
3771,IRF4
3772,IRF5
3773,IRF6
3774,IRF7
3775,IRF8
3776,IRF9
3777,IRS1
3778,IRS2
3779,IRS4
3780,ISCA1
3781,ISCU
3782,IRAG2
3783,ISG15
3784,ISG20
3785,ISG20L2
3786,ISL1
3787,ISOC1
3788,ITGA10
3789,ITGA2
3790,ITGA3
3791,ITGA4
3792,ITGA5
3793,ITGA6
3794,ITGA7
3795,ITGA9
3796,ITGAE
3797,IRAK1
3798,IQGAP2
3799,IL6ST
3800,INHA
3801,IL7
3802,IL7R
3803,IL9
3804,IL9R
3805,ILF2
3806,ILF3
3807,ILVBL
3808,IMMT
3809,IMP3
3810,IMP4
3811,IMPA2
3812,IMPDH2
3813,INCENP
3814,ING3
3815,LAP3
3816,IPO7
3817,INHBB
3818,INHBE
3819,INMT
3820,INPP4B
3821,INPP5F
3822,INPPL1
3823,INS
3824,INSIG1
3825,INSL5
3826,INSM1
3827,IP6K1
3828,IP6K2
3829,IPCEF1
3830,IPO4
3831,GPC1
3832,GPAM
3833,LAMP2
3834,ELL2
3835,EIF4E3
3836,EIF4EBP1
3837,EIF4G1
3838,EIF4G2
3839,EIF4G3
3840,EIF4H
3841,EIF5
3842,EIF5A
3843,ELANE
3844,ELF1
3845,ELF3
3846,ELF4
3847,ELK4
3848,ELL
3849,ELMOD3
3850,EIF4A3
3851,ELN
3852,ELOA
3853,ELOVL2
3854,ELOVL3
3855,ELOVL5
3856,ELOVL6
3857,ELP1
3858,ELP4
3859,EMP1
3860,EMP2
3861,EMP3
3862,ENDOD1
3863,ENG
3864,ENO1
3865,EIF4E
3866,EIF4A2
3867,ENO3
3868,EHD1
3869,EFEMP2
3870,EFHC1
3871,EFHD1
3872,EFNA1
3873,EFNA3
3874,EFNA5
3875,EFS
3876,EGF
3877,LATS1
3878,EGLN2
3879,EGLN3
3880,EGR1
3881,EGR2
3882,EGR3
3883,EHHADH
3884,EIF4A1
3885,EI24
3886,EIF1
3887,EIF1AX
3888,EIF1B
3889,EIF2AK1
3890,EIF2AK2
3891,EIF2AK3
3892,EIF2S1
3893,EIF2S2
3894,EIF2S3
3895,EIF3A
3896,EIF3B
3897,EIF3D
3898,EIF3J
3899,ENO2
3900,LAT2
3901,EEIG1
3902,ETFBKMT
3903,ERMAP
3904,ERN1
3905,ERO1A
3906,ERP29
3907,ERRFI1
3908,ESPL1
3909,ESR1
3910,ESR2
3911,ESRP2
3912,ESRRA
3913,ESYT1
3914,ETF1
3915,ETFA
3916,ETFB
3917,ETFDH
3918,ERGIC3
3919,ETHE1
3920,ETS1
3921,ETS2
3922,ETV1
3923,ETV4
3924,ETV5
3925,EVI5
3926,EVL
3927,EWSR1
3928,EXO1
3929,EXOC2
3930,EXOC4
3931,EXOSC1
3932,EXOSC10
3933,ERH
3934,EREG
3935,ENPEP
3936,EPHB4
3937,ENPP1
3938,ENPP2
3939,ENTPD5
3940,ENTPD7
3941,EOMES
3942,EPB41
3943,EPB41L2
3944,EPB41L3
3945,EPB42
3946,EPCAM
3947,EPHA2
3948,EPHA5
3949,EPHB2
3950,EPHB3
3951,EPHX1
3952,LAS1L
3953,EPHX2
3954,EPOR
3955,EPRS1
3956,EPS8L2
3957,EPSTI1
3958,ERAP2
3959,ERBB2
3960,ERBB3
3961,ERCC1
3962,ERCC2
3963,ERCC3
3964,ERCC4
3965,ERCC5
3966,ERCC8
3967,EFEMP1
3968,EEF2
3969,EXOSC4
3970,DNAJA1
3971,DLG1
3972,DLG4
3973,DLG5
3974,DLGAP5
3975,DLK2
3976,DLL1
3977,DLST
3978,DMAC2L
3979,DMC1
3980,DMD
3981,DMP1
3982,DMPK
3983,DMRT1
3984,DMTN
3985,DNAJA4
3986,DLC1
3987,DNAJB1
3988,DNAJB4
3989,DNAJB8
3990,DNAJB9
3991,DNAJC1
3992,DNAJC12
3993,DNAJC15
3994,DNAJC3
3995,DNM1L
3996,DNMBP
3997,DNMT1
3998,DNTT
3999,DNTTIP2
4000,DOCK10
4001,DLD
4002,DLAT
4003,DOCK4
4004,DHFR
4005,DENND2B
4006,DENND5A
4007,DEPDC1
4008,DEPTOR
4009,DES
4010,DFFA
4011,DGAT1
4012,DGCR8
4013,DGKA
4014,DGKG
4015,DGKH
4016,DGUOK
4017,DHCR24
4018,DHCR7
4019,DHPS
4020,DKK4
4021,DHRS1
4022,DHRS2
4023,DHRS3
4024,DHRS7
4025,DHRS7B
4026,DHX15
4027,DHX16
4028,DHX58
4029,DIABLO
4030,DIAPH3
4031,DIO1
4032,DIO2
4033,DKC1
4034,DKK1
4035,DOCK2
4036,DOCK9
4037,EEF1E1
4038,ECI1
4039,DYRK1A
4040,DYRK2
4041,DYRK3
4042,E2F1
4043,E2F2
4044,E2F3
4045,E2F4
4046,E2F5
4047,E2F8
4048,EBI3
4049,EBP
4050,ECD
4051,ECH1
4052,ECHS1
4053,ECI2
4054,DYNLL2
4055,ECM1
4056,ECM2
4057,ECSIT
4058,ECT2
4059,EDAR
4060,EDC4
4061,EDEM1
4062,EDF1
4063,EDIL3
4064,EDN1
4065,EDN2
4066,EED
4067,EEF1AKMT1
4068,EEF1B2
4069,DYNLT3
4070,DYNC1H1
4071,DONSON
4072,DSCC1
4073,DOP1A
4074,DPEP3
4075,DPP4
4076,DPYD
4077,DPYSL2
4078,DPYSL3
4079,DPYSL4
4080,DR1
4081,DRAM1
4082,DRAM2
4083,DRC1
4084,DSC1
4085,DSC2
4086,DSC3
4087,DST
4088,DVL2
4089,DTNA
4090,DTNB
4091,DTX1
4092,DTX2
4093,DTX4
4094,DTYMK
4095,DUSP1
4096,DUSP14
4097,DUSP2
4098,DUSP3
4099,DUSP4
4100,DUSP5
4101,DUSP6
4102,DUT
4103,EXOSC2
4104,EXOSC5
4105,GP9
4106,GBF1
4107,GALK1
4108,GALK2
4109,GALM
4110,GALNT1
4111,GALNT3
4112,GAMT
4113,GAPDH
4114,GAPDHS
4115,GAPVD1
4116,GART
4117,GAS1
4118,GATA1
4119,GATA3
4120,GBE1
4121,GBP2
4122,GALC
4123,GBP4
4124,GBP6
4125,GC
4126,GCA
4127,GCDH
4128,GCG
4129,GCH1
4130,GCK
4131,GCKR
4132,GCLC
4133,GCLM
4134,GCNT1
4135,GCNT2
4136,GDA
4137,GALE
4138,GAL3ST1
4139,GDNF
4140,G3BP1
4141,FUS
4142,FUT4
4143,FUT8
4144,FXN
4145,FXYD1
4146,FYB1
4147,FYN
4148,FZD1
4149,FZD2
4150,FZD4
4151,FZD5
4152,FZD7
4153,FZD8
4154,G0S2
4155,G3BP2
4156,GAL
4157,G6PC1
4158,G6PC2
4159,G6PD
4160,GAA
4161,GAB2
4162,GABARAPL1
4163,GABARAPL2
4164,GABBR1
4165,GABRA3
4166,GAD1
4167,GAD2
4168,GADD45A
4169,GADD45B
4170,GADD45G
4171,GDE1
4172,GEM
4173,FUCA1
4174,GNE
4175,GMPPA
4176,GMPPB
4177,GMPR
4178,GMPR2
4179,GMPS
4180,GNA14
4181,GNA15
4182,GNAI1
4183,GNAI2
4184,GNAI3
4185,GNAO1
4186,GNAS
4187,GNB2
4188,GNB4
4189,GNG11
4190,GMCL1
4191,GNG12
4192,GNG2
4193,GNGT1
4194,GNGT2
4195,GNL3
4196,GNMT
4197,GNPAT
4198,GNPDA1
4199,GOLGA4
4200,GOSR2
4201,GOT1
4202,GOT2
4203,GP1BA
4204,GP2
4205,GMFB
4206,GM2A
4207,GEMIN4
4208,GJA5
4209,GFI1
4210,GFPT1
4211,GFPT2
4212,GFRA1
4213,GFUS
4214,GGA2
4215,GGH
4216,GHITM
4217,GHRL
4218,GINS1
4219,GINS2
4220,GINS3
4221,GINS4
4222,GJA1
4223,GJB3
4224,GLUL
4225,GLA
4226,GLCE
4227,GLDC
4228,GLI1
4229,GLIPR1
4230,GLIPR2
4231,GLMN
4232,GLO1
4233,GLRX
4234,GLRX2
4235,GLRX5
4236,GLS
4237,GLS2
4238,GLUD1
4239,FURIN
4240,FTL
4241,EXOSC7
4242,FBXO4
4243,FARP1
4244,FARSA
4245,FAS
4246,FASLG
4247,FASN
4248,FBL
4249,FBLN1
4250,FBLN2
4251,FBLN5
4252,FBN1
4253,FBN2
4254,FBP1
4255,FBP2
4256,FBXO34
4257,FBXO5
4258,FANCC
4259,FBXO6
4260,FBXO7
4261,FBXO9
4262,FBXW11
4263,FBXW7
4264,FCER1G
4265,FCGR1A
4266,FCGR2B
4267,FCMR
4268,FCN1
4269,FDFT1
4270,FDPS
4271,FDX1
4272,FDXR
4273,FAP
4274,FAM162A
4275,FEN1
4276,F2RL1
4277,EXOSC8
4278,EXOSC9
4279,EXT1
4280,EXT2
4281,EZH1
4282,EZH2
4283,EZR
4284,F10
4285,F11
4286,F12
4287,F13A1
4288,F13B
4289,F2
4290,F2R
4291,F2RL2
4292,FAM120A
4293,F3
4294,F5
4295,F7
4296,F8
4297,F9
4298,FABP1
4299,FABP2
4300,FABP3
4301,FABP4
4302,FABP5
4303,FABP6
4304,FADS1
4305,FADS2
4306,FAH
4307,FECH
4308,FERMT2
4309,FTCD
4310,FOXA2
4311,FLNC
4312,FLOT2
4313,FLT3LG
4314,FLT4
4315,FMO1
4316,FMO3
4317,FMOD
4318,FN1
4319,FN3K
4320,FNTA
4321,FOS
4322,FOSB
4323,FOSL1
4324,FOSL2
4325,FOXC1
4326,FLNA
4327,FOXC2
4328,FOXJ2
4329,FOXN3
4330,FOXO1
4331,FOXO3
4332,FOXO4
4333,FPR1
4334,FRAT1
4335,FRK
4336,FSCN1
4337,FSHB
4338,FST
4339,FSTL1
4340,FSTL3
4341,FLNB
4342,FLII
4343,FES
4344,FGFR1
4345,FETUB
4346,FEZ1
4347,FFAR2
4348,FGA
4349,FGD4
4350,FGD6
4351,FGF13
4352,FGF16
4353,FGF17
4354,FGF18
4355,FGF2
4356,FGF22
4357,FGF6
4358,FGF9
4359,FGFR3
4360,FKBP5
4361,FGG
4362,FGGY
4363,FGL2
4364,FGR
4365,FH
4366,FHL1
4367,FHL2
4368,FIS1
4369,FJX1
4370,FKBP14
4371,FKBP1A
4372,FKBP1B
4373,FKBP2
4374,FKBP4
4375,LAMC2
4376,ID
4377,MCM4
4378,SUBCLASS
4379,PNPLA8
4380,MYH10
4381,INHBA
4382,GSN
4383,KLF6
4384,EGFR
4385,COPS5
